,start_freq,end_freq,probability,index
0,1172.747518427899,1172.759132649901,0.509,300.0
1,1172.4223202118435,1172.4339344338455,0.541,468.0
2,1172.1551931057977,1172.1668073277997,0.557,606.0
3,1171.8067664457383,1171.8183806677403,0.501,786.0
4,1171.5744820056987,1171.5860962277006,0.574,906.0
5,1171.295740677651,1171.307354899653,0.672,1050.0
6,1170.9008571295838,1170.9124713515857,0.559,1254.0
7,1170.81955757557,1170.8311717975719,0.682,1296.0
8,1165.2911879026265,1165.3028021246284,0.6,4152.0
9,1162.8522012822102,1162.8638155042122,0.605,5412.0
10,1154.0253925607037,1154.0370067827057,0.585,9972.0
11,1151.226365058226,1151.237979280228,0.566,11418.0
12,1149.310018427899,1149.321632649901,0.56,12408.0
13,1143.6655065349355,1143.6771207569375,0.505,15324.0
14,1141.2149056925173,1141.2265199145193,0.671,16590.0
15,1139.3798586162043,1139.391472838206,0.531,17538.0
16,1136.5924453357284,1136.6040595577304,0.681,18978.0
17,1127.649494394202,1127.6611086162043,0.501,23598.0
18,1219.053421549802,1219.0650357718039,0.682,594.0
19,1215.627226059217,1215.638840281219,0.514,2364.0
20,1210.9002377044103,1210.9118519264123,0.666,4806.0
21,1180.9703876053022,1180.9820018273042,0.536,20268.0
22,1265.8006651077799,1265.8122793297819,0.51,660.0
23,1259.923868774777,1259.935482996779,0.678,3696.0
24,1257.5777959303766,1257.5894101523786,0.519,4908.0
25,1253.7334884477204,1253.7451026697224,0.694,6894.0
26,1252.9437213515857,1252.9553355735877,0.607,7302.0
27,1244.5698672881565,1244.5814815101585,0.601,11628.0
28,1241.2598140175917,1241.2714282395937,0.511,13338.0
29,1234.0938390423687,1234.1054532643707,0.535,17040.0
30,1225.2554160988602,1225.2670303208622,0.501,21606.0
31,1222.5841450384044,1222.5957592604063,0.502,22986.0
32,1309.4701398352329,1309.4817540572349,0.601,2316.0
33,1308.076433194995,1308.088047416997,0.896,3036.0
34,1308.041590528989,1308.053204750991,0.773,3054.0
35,1308.029976306987,1308.041590528989,0.85,3060.0
36,1308.006747862983,1308.018362084985,0.56,3072.0
37,1307.9486767529731,1307.9602909749751,0.793,3102.0
38,1307.8673771989593,1307.8789914209613,0.784,3144.0
39,1307.8441487549553,1307.8557629769573,0.722,3156.0
40,1307.8325345329533,1307.8441487549553,0.754,3162.0
41,1307.7628492009414,1307.7744634229434,0.736,3198.0
42,1307.7280065349355,1307.7396207569375,0.833,3216.0
43,1307.7163923129335,1307.7280065349355,0.833,3222.0
44,1307.6931638689296,1307.7047780909315,0.501,3234.0
45,1307.6815496469276,1307.6931638689296,0.553,3240.0
46,1307.6467069809216,1307.6583212029236,0.749,3258.0
47,1307.5654074269078,1307.5770216489097,0.847,3300.0
48,1307.484107872894,1307.4957220948959,0.766,3342.0
49,1307.449265206888,1307.46087942889,0.677,3360.0
50,1307.437650984886,1307.449265206888,0.819,3366.0
51,1307.426036762884,1307.437650984886,0.522,3372.0
52,1307.40280831888,1307.414422540882,0.885,3384.0
53,1307.379579874876,1307.391194096878,0.894,3396.0
54,1307.2982803208622,1307.3098945428642,0.857,3438.0
55,1307.2866660988602,1307.2982803208622,0.853,3444.0
56,1307.2402092108523,1307.2518234328543,0.775,3468.0
57,1307.2285949888503,1307.2402092108523,0.694,3474.0
58,1307.2053665448464,1307.2169807668483,0.772,3486.0
59,1307.1937523228444,1307.2053665448464,0.772,3492.0
60,1307.1589096568384,1307.1705238788404,0.595,3510.0
61,1307.1356812128345,1307.1472954348365,0.855,3522.0
62,1307.1240669908325,1307.1356812128345,0.539,3528.0
63,1307.1124527688305,1307.1240669908325,0.621,3534.0
64,1307.0892243248265,1307.1008385468285,0.797,3546.0
65,1307.0427674368186,1307.0543816588206,0.716,3570.0
66,1307.0079247708127,1307.0195389928147,0.648,3588.0
67,1306.9614678828048,1306.9730821048067,0.714,3612.0
68,1306.9266252167988,1306.9382394388008,0.887,3630.0
69,1306.8917825507929,1306.9033967727948,0.823,3648.0
70,1306.868554106789,1306.880168328791,0.864,3660.0
71,1306.822097218781,1306.833711440783,0.608,3684.0
72,1306.764026108771,1306.775640330773,0.689,3714.0
73,1306.7059549987612,1306.7175692207632,0.547,3744.0
74,1306.6943407767592,1306.7059549987612,0.838,3750.0
75,1306.6711123327552,1306.6827265547572,0.709,3762.0
76,1306.6478838887513,1306.6594981107532,0.733,3774.0
77,1306.5549701127354,1306.5665843347374,0.684,3822.0
78,1306.5201274467295,1306.5317416687315,0.824,3840.0
79,1306.4968990027255,1306.5085132247275,0.829,3852.0
80,1306.4852847807235,1306.4968990027255,0.822,3858.0
81,1306.4736705587216,1306.4852847807235,0.622,3864.0
82,1306.4620563367196,1306.4736705587216,0.907,3870.0
83,1306.3691425607037,1306.3807567827057,0.702,3918.0
84,1306.3459141166998,1306.3575283387017,0.86,3930.0
85,1306.3342998946978,1306.3459141166998,0.662,3936.0
86,1306.3110714506938,1306.3226856726958,0.779,3948.0
87,1306.264614562686,1306.2762287846879,0.645,3972.0
88,1306.22977189668,1306.241386118682,0.88,3990.0
89,1306.218157674678,1306.22977189668,0.615,3996.0
90,1306.194929230674,1306.206543452676,0.519,4008.0
91,1306.136858120664,1306.148472342666,0.506,4038.0
92,1306.1136296766601,1306.1252438986621,0.805,4050.0
93,1306.0904012326562,1306.1020154546582,0.823,4062.0
94,1306.0671727886522,1306.0787870106542,0.576,4074.0
95,1306.0323301226463,1306.0439443446483,0.516,4092.0
96,1305.9626447906344,1305.9742590126364,0.804,4128.0
97,1305.9510305686324,1305.9626447906344,0.901,4134.0
98,1305.9394163466304,1305.9510305686324,0.87,4140.0
99,1305.9045736806245,1305.9161879026265,0.868,4158.0
100,1305.8813452366205,1305.8929594586225,0.842,4170.0
101,1305.8232741266106,1305.8348883486126,0.659,4200.0
102,1305.8000456826067,1305.8116599046086,0.671,4212.0
103,1305.7884314606047,1305.8000456826067,0.6,4218.0
104,1305.7419745725965,1305.7535887945985,0.848,4242.0
105,1305.6722892405846,1305.6839034625866,0.853,4278.0
106,1305.6490607965807,1305.6606750185827,0.905,4290.0
107,1305.5793754645688,1305.5909896865708,0.796,4326.0
108,1305.5677612425668,1305.5793754645688,0.706,4332.0
109,1305.5445327985628,1305.5561470205648,0.518,4344.0
110,1305.5329185765609,1305.5445327985628,0.885,4350.0
111,1305.5213043545589,1305.5329185765609,0.721,4356.0
112,1305.474847466551,1305.486461688553,0.651,4380.0
113,1305.451619022547,1305.463233244549,0.892,4392.0
114,1305.428390578543,1305.440004800545,0.697,4404.0
115,1305.416776356541,1305.428390578543,0.795,4410.0
116,1305.393547912537,1305.405162134539,0.674,4422.0
117,1305.381933690535,1305.393547912537,0.887,4428.0
118,1305.3470910245292,1305.3587052465311,0.885,4446.0
119,1305.3238625805252,1305.3354768025272,0.735,4458.0
120,1305.2890199145193,1305.3006341365212,0.782,4476.0
121,1305.2774056925173,1305.2890199145193,0.535,4482.0
122,1299.4238378035184,1299.4354520255204,0.548,7506.0
123,1295.765357872894,1295.7769720948959,0.652,9396.0
124,1290.3299019759663,1290.3415161979683,0.682,12204.0
125,1282.3741599046086,1282.3857741266106,0.687,16314.0
126,1282.1070327985628,1282.1186470205648,0.688,16452.0
127,1281.8515199145193,1281.8631341365212,0.512,16584.0
128,1280.9456105983647,1280.9572248203667,0.728,17052.0
129,1280.736554602329,1280.748168824331,0.78,17160.0
130,1278.6692230859762,1278.6808373079782,0.546,18228.0
131,1278.2743395379089,1278.2859537599109,0.543,18432.0
132,1278.1001262078792,1278.1117404298811,0.568,18522.0
133,1277.8329991018336,1277.8446133238356,0.556,18660.0
134,1277.1826026697224,1277.1942168917244,0.588,18996.0
135,1276.880632897671,1276.892247119673,0.671,19152.0
136,1276.834176009663,1276.845790231665,0.701,19176.0
137,1276.776104899653,1276.787719121655,0.844,19206.0
138,1276.7064195676412,1276.7180337896432,0.621,19242.0
139,1276.5205920156095,1276.5322062376115,0.531,19338.0
140,1276.183779577552,1276.195393799554,0.567,19512.0
141,1275.9979520255204,1276.0095662475223,0.71,19608.0
142,1275.9863378035184,1275.9979520255204,0.823,19614.0
143,1273.7912498451437,1273.8028640671457,0.665,20748.0
144,1270.6902525706146,1270.7018667926166,0.641,22350.0
145,1359.2254668917244,1359.2370811137264,0.512,828.0
146,1350.3522012822102,1350.3638155042122,0.505,5412.0
147,1342.9074849789395,1342.9190992009414,0.55,9258.0
148,1341.7692912227453,1341.7809054447473,0.687,9846.0
149,1331.641689637017,1331.653303859019,0.714,15078.0
150,1322.1644844833995,1322.1760987054013,0.614,19974.0
151,1321.8973573773537,1321.9089715993557,0.547,20112.0
152,1320.3062089630823,1320.3178231850843,0.545,20934.0
153,1318.4363192207632,1318.4479334427651,0.677,21900.0
154,1407.145746871903,1407.157361093905,0.522,288.0
155,1406.297908665758,1406.30952288776,0.512,726.0
156,1400.3049701127354,1400.3165843347374,0.665,3822.0
157,1400.014614562686,1400.0262287846879,0.645,3972.0
158,1399.6778021246284,1399.6894163466304,0.686,4146.0
159,1396.9136172881565,1396.9252315101585,0.585,5574.0
160,1395.93802263999,1395.949636861992,0.689,6078.0
161,1392.035644047324,1392.047258269326,0.509,8094.0
162,1389.9799267529731,1389.9915409749751,0.599,9156.0
163,1382.964936663776,1382.976550885778,0.515,12780.0
164,1381.2460318074827,1381.2576460294847,0.51,13668.0
165,1375.9267181305747,1375.9383323525767,0.627,16416.0
166,1374.6839963763628,1374.6956105983647,0.525,17058.0
167,1372.535365305996,1372.546979527998,0.676,18168.0
168,1362.5587486062934,1362.5703628282954,0.677,23322.0
169,1451.7559735815164,1451.7675878035184,0.548,1458.0
170,1451.7095166935085,1451.7211309155105,0.634,1482.0
171,1450.2577389432606,1450.2693531652626,0.524,2232.0
172,1446.041776356541,1446.053390578543,0.511,4410.0
173,1443.498261738107,1443.509875960109,0.741,5724.0
174,1441.6051435517838,1441.6167577737858,0.669,6702.0
175,1431.9653392901387,1431.9769535121407,0.601,11682.0
176,1431.0826584179881,1431.09427263999,0.597,12138.0
177,1428.63205757557,1428.6436717975719,0.549,13404.0
178,1428.3881589135283,1428.3997731355303,0.502,13530.0
179,1422.3139208064915,1422.3255350284935,0.529,16668.0
180,1421.6983670403865,1421.7099812623885,0.627,16986.0
181,1421.408011490337,1421.419625712339,0.81,17136.0
182,1418.3302426598118,1418.3418568818138,0.599,18726.0
183,1417.459176009663,1417.470790231665,0.706,19176.0
184,1416.4371244734887,1416.4487386954906,0.691,19704.0
185,1416.4255102514867,1416.4371244734887,0.841,19710.0
186,1416.4022818074827,1416.4138960294847,0.606,19722.0
187,1416.3790533634788,1416.3906675854807,0.756,19734.0
188,1416.216454255451,1416.228068477453,0.697,19818.0
189,1416.204840033449,1416.216454255451,0.514,19824.0
190,1416.169997367443,1416.181611589445,0.775,19842.0
191,1416.1583831454411,1416.169997367443,0.771,19848.0
192,1416.1235404794352,1416.1351547014372,0.626,19866.0
193,1415.9609413714074,1415.9725555934092,0.623,19950.0
194,1415.9377129274035,1415.9493271494052,0.692,19962.0
195,1415.8796418173933,1415.8912560393953,0.715,19992.0
196,1415.8099564853815,1415.8215707073834,0.506,20028.0
197,1415.7402711533696,1415.7518853753716,0.764,20064.0
198,1415.7170427093656,1415.7286569313676,0.585,20076.0
199,1415.6125147113478,1415.6241289333498,0.64,20130.0
200,1415.542829379336,1415.5544436013379,0.753,20166.0
201,1415.531215157334,1415.542829379336,0.67,20172.0
202,1415.44991560332,1415.461529825322,0.675,20214.0
203,1415.3918444933101,1415.4034587153121,0.758,20244.0
204,1415.2757022732903,1415.2873164952923,0.606,20304.0
205,1415.2524738292864,1415.2640880512884,0.879,20316.0
206,1415.2292453852824,1415.2408596072844,0.544,20328.0
207,1415.1131031652626,1415.1247173872646,0.74,20388.0
208,1415.0666462772547,1415.0782604992567,0.52,20412.0
209,1414.9505040572349,1414.9621182792368,0.547,20472.0
210,1414.880818725223,1414.892432947225,0.726,20508.0
211,1414.857590281219,1414.869204503221,0.61,20520.0
212,1414.822747615213,1414.834361837215,0.574,20538.0
213,1414.7298338391972,1414.7414480611992,0.64,20586.0
214,1414.5788489531715,1414.5904631751735,0.83,20664.0
215,1414.5091636211596,1414.5207778431616,0.772,20700.0
216,1414.4278640671457,1414.4394782891477,0.786,20742.0
217,1414.4046356231418,1414.4162498451437,0.767,20754.0
218,1414.311721847126,1414.323336069128,0.698,20802.0
219,1414.265264959118,1414.27687918112,0.815,20826.0
220,1414.242036515114,1414.253650737116,0.698,20838.0
221,1414.1839654051041,1414.195579627106,0.751,20868.0
222,1413.9284525210605,1413.9400667430625,0.56,21000.0
223,1413.8471529670467,1413.8587671890486,0.648,21042.0
224,1413.8006960790387,1413.8123103010407,0.792,21066.0
225,1498.329003809465,1498.3406180314669,0.516,1614.0
226,1498.0270340374134,1498.0386482594154,0.665,1770.0
227,1492.905162134539,1492.916776356541,0.556,4416.0
228,1482.0690930066899,1482.0807072286918,0.591,10014.0
229,1476.7613935517838,1476.7730077737858,0.567,12756.0
230,1473.0216140671457,1473.0332282891477,0.577,14688.0
231,1465.6233546518831,1465.634968873885,0.693,18510.0
232,1460.6524676350348,1460.6640818570368,0.847,21078.0
233,1460.1995129769573,1460.2111271989593,0.692,21312.0
234,1457.6676125805252,1457.6792268025272,0.713,22620.0
235,1456.8313885963826,1456.8430028183845,0.692,23052.0
236,1546.969365553766,1546.980979775768,0.543,702.0
237,1546.922908665758,1546.93452288776,0.547,726.0
238,1546.8996802217541,1546.911294443756,0.506,738.0
239,1546.8880659997521,1546.8996802217541,0.507,744.0
240,1546.8764517777502,1546.8880659997521,0.534,750.0
241,1545.9705424615956,1545.9821566835976,0.747,1218.0
242,1545.192389587463,1545.204003809465,0.574,1620.0
243,1544.9484909254213,1544.9601051474233,0.55,1746.0
244,1544.8555771494055,1544.8671913714074,0.687,1794.0
245,1542.1610776449454,1542.1726918669474,0.605,3186.0
246,1542.0333212029236,1542.0449354249256,0.526,3252.0
247,1541.7197372088701,1541.731351430872,0.613,3414.0
248,1541.4990669908325,1541.5106812128345,0.575,3528.0
249,1541.208711440783,1541.220325662785,0.578,3678.0
250,1541.185482996779,1541.197097218781,0.552,3690.0
251,1540.8022136707136,1540.8138278927156,0.61,3888.0
252,1540.1750456826067,1540.1866599046086,0.82,4212.0
253,1539.9776039085727,1539.9892181305747,0.617,4314.0
254,1539.768547912537,1539.780162134539,0.698,4422.0
255,1538.8161817083746,1538.8277959303766,0.608,4914.0
256,1537.991571946234,1538.003186168236,0.712,5340.0
257,1537.6896021741823,1537.7012163961842,0.607,5496.0
258,1536.005539983895,1536.017154205897,0.873,6366.0
259,1535.5525853258177,1535.5641995478197,0.616,6600.0
260,1535.5409711038158,1535.5525853258177,0.615,6606.0
261,1535.4828999938059,1535.4945142158078,0.587,6636.0
262,1535.459671549802,1535.4712857718039,0.792,6648.0
263,1535.4480573277997,1535.459671549802,0.652,6654.0
264,1535.3667577737858,1535.3783719957878,0.824,6696.0
265,1535.3319151077799,1535.3435293297819,0.56,6714.0
266,1535.297072441774,1535.308686663776,0.605,6732.0
267,1535.27384399777,1535.285458219772,0.744,6744.0
268,1535.262229775768,1535.27384399777,0.757,6750.0
269,1535.250615553766,1535.262229775768,0.548,6756.0
270,1535.239001331764,1535.250615553766,0.942,6762.0
271,1535.227387109762,1535.239001331764,0.87,6768.0
272,1535.21577288776,1535.227387109762,0.644,6774.0
273,1533.4968680314669,1533.5084822534689,0.515,7662.0
274,1532.9161569313676,1532.9277711533696,0.728,7962.0
275,1532.5445018273042,1532.5561160493062,0.539,8154.0
276,1532.5212733833002,1532.5328876053022,0.646,8166.0
277,1532.1728467232408,1532.1844609452428,0.851,8346.0
278,1532.1612325012388,1532.1728467232408,0.921,8352.0
279,1532.1496182792368,1532.1612325012388,0.609,8358.0
280,1532.1263898352329,1532.1380040572349,0.581,8370.0
281,1532.103161391229,1532.114775613231,0.761,8382.0
282,1532.091547169227,1532.103161391229,0.537,8388.0
283,1532.068318725223,1532.079932947225,0.741,8400.0
284,1532.045090281219,1532.056704503221,0.559,8412.0
285,1532.021861837215,1532.033476059217,0.805,8424.0
286,1531.7663489531715,1531.7779631751735,0.513,8556.0
287,1531.7198920651635,1531.7315062871655,0.543,8580.0
288,1531.7082778431616,1531.7198920651635,0.681,8586.0
289,1531.6734351771556,1531.6850493991576,0.65,8604.0
290,1531.5340645131319,1531.5456787351338,0.63,8676.0
291,1531.510836069128,1531.5224502911299,0.704,8688.0
292,1531.487607625124,1531.499221847126,0.558,8700.0
293,1531.475993403122,1531.487607625124,0.507,8706.0
294,1531.429536515114,1531.441150737116,0.567,8730.0
295,1530.895282303023,1530.9068965250249,0.567,9006.0
296,1528.909250340684,1528.920864562686,0.533,10032.0
297,1527.434244146432,1527.445858368434,0.528,10794.0
298,1523.4041091117442,1523.4157233337462,0.513,12876.0
299,1522.7188700136273,1522.7304842356293,0.545,13230.0
300,1522.38205757557,1522.3936717975719,0.699,13404.0
301,1518.409993650892,1518.421607872894,0.651,15456.0
302,1517.8408967727948,1517.8525109947968,0.696,15750.0
303,1513.18359375,1513.195207972002,0.609,18156.0
304,1505.5414356726958,1505.5530498946978,0.514,22104.0
305,1502.4985095081763,1502.5101237301783,0.58,23676.0
306,1592.9268420156095,1592.9384562376115,0.623,1176.0
307,1590.8943531652626,1590.9059673872646,0.542,2226.0
308,1588.5250518768582,1588.5366660988602,0.508,3450.0
309,1586.3183496964816,1586.3299639184836,0.678,4590.0
310,1581.7075035616947,1581.7191177836967,0.516,6972.0
311,1581.451990677651,1581.463604899653,0.621,7104.0
312,1581.3939195676412,1581.4055337896432,0.519,7134.0
313,1581.1384066835976,1581.1500209055996,0.509,7266.0
314,1579.9537560393953,1579.9653702613973,0.558,7878.0
315,1579.0943036112487,1579.1059178332507,0.546,8322.0
316,1579.0478467232408,1579.0594609452428,0.551,8346.0
317,1579.0362325012388,1579.0478467232408,0.578,8352.0
318,1578.943318725223,1578.954932947225,0.857,8400.0
319,1578.885247615213,1578.896861837215,0.715,8430.0
320,1578.8155622832012,1578.8271765052032,0.622,8466.0
321,1578.5484351771556,1578.5600493991576,0.512,8604.0
322,1578.5135925111497,1578.5252067331517,0.61,8622.0
323,1578.4787498451437,1578.4903640671457,0.793,8640.0
324,1578.4322929571358,1578.4439071791378,0.647,8664.0
325,1578.362607625124,1578.374221847126,0.571,8700.0
326,1578.304536515114,1578.316150737116,0.592,8730.0
327,1578.2116227390982,1578.2232369611002,0.732,8778.0
328,1578.1070947410803,1578.1187089630823,0.544,8832.0
329,1578.0722520750744,1578.0838662970764,0.777,8850.0
330,1578.0490236310704,1578.0606378530724,0.638,8862.0
331,1577.9909525210605,1578.0025667430625,0.666,8892.0
332,1577.8283534130328,1577.8399676350348,0.759,8976.0
333,1577.8051249690288,1577.8167391910308,0.83,8988.0
334,1577.747053859019,1577.758668081021,0.605,9018.0
335,1577.630911638999,1577.642525861001,0.665,9078.0
336,1577.596068972993,1577.607683194995,0.615,9096.0
337,1577.549612084985,1577.561226306987,0.65,9120.0
338,1577.2011854249256,1577.2127996469276,0.844,9300.0
339,1577.1779569809216,1577.1895712029236,0.794,9312.0
340,1577.1082716489097,1577.1198858709117,0.704,9348.0
341,1577.0502005388998,1577.0618147609018,0.58,9378.0
342,1576.8759872088701,1576.887601430872,0.541,9468.0
343,1576.8411445428642,1576.8527587648662,0.905,9486.0
344,1576.8063018768582,1576.8179160988602,0.815,9504.0
345,1576.7830734328543,1576.7946876548563,0.64,9516.0
346,1576.7714592108523,1576.7830734328543,0.613,9522.0
347,1576.6901596568384,1576.7017738788404,0.572,9564.0
348,1576.6088601028246,1576.6204743248265,0.622,9606.0
349,1576.5740174368186,1576.5856316588206,0.531,9624.0
350,1576.364961440783,1576.376575662785,0.557,9732.0
351,1576.2372049987612,1576.2488192207632,0.641,9798.0
352,1576.2023623327552,1576.2139765547572,0.591,9816.0
353,1576.1791338887513,1576.1907481107532,0.667,9828.0
354,1576.1559054447473,1576.1675196667493,0.535,9840.0
355,1575.9584636707136,1575.9700778927156,0.618,9942.0
356,1574.971254800545,1574.982869022547,0.505,10452.0
357,1574.7854272485133,1574.7970414705153,0.51,10548.0
358,1574.7621988045094,1574.7738130265113,0.609,10560.0
359,1574.7041276944994,1574.7157419165014,0.785,10590.0
360,1574.6692850284935,1574.6808992504955,0.627,10608.0
361,1574.5415285864717,1574.5531428084737,0.506,10674.0
362,1574.320858368434,1574.332472590436,0.537,10788.0
363,1574.2744014804261,1574.2860157024281,0.545,10812.0
364,1574.2279445924182,1574.2395588144202,0.57,10836.0
365,1574.2163303704162,1574.2279445924182,0.691,10842.0
366,1574.0305028183845,1574.0421170403865,0.549,10938.0
367,1573.9143605983647,1573.9259748203667,0.503,10998.0
368,1573.8562894883548,1573.8679037103568,0.578,11028.0
369,1573.740147268335,1573.751761490337,0.694,11088.0
370,1573.6704619363231,1573.6820761583251,0.669,11124.0
371,1573.6007766043112,1573.6123908263132,0.579,11160.0
372,1573.194278834242,1573.205893056244,0.669,11370.0
373,1573.147821946234,1573.159436168236,0.56,11394.0
374,1573.0432939482162,1573.0549081702181,0.641,11448.0
375,1573.0200655042122,1573.0316797262142,0.851,11460.0
376,1572.961994394202,1572.9736086162043,0.639,11490.0
377,1572.9039232841922,1572.9155375061941,0.829,11520.0
378,1572.7761668421704,1572.7877810641723,0.705,11586.0
379,1572.7413241761644,1572.7529383981664,0.788,11604.0
380,1572.6600246221506,1572.6716388441525,0.626,11646.0
381,1572.6251819561446,1572.6367961781466,0.553,11664.0
382,1572.5554966241327,1572.5671108461347,0.676,11700.0
383,1572.5438824021307,1572.5554966241327,0.538,11706.0
384,1572.5322681801288,1572.5438824021307,0.653,11712.0
385,1572.369669072101,1572.381283294103,0.554,11796.0
386,1572.1489988540634,1572.1606130760654,0.623,11910.0
387,1571.9167144140238,1571.9283286360258,0.552,12030.0
388,1571.9051001920218,1571.9167144140238,0.822,12036.0
389,1571.6031304199703,1571.6147446419723,0.549,12192.0
390,1570.9527339878593,1570.9643482098613,0.554,12528.0
391,1570.8482059898415,1570.8598202118435,0.639,12582.0
392,1569.802926009663,1569.814540231665,0.552,13122.0
393,1569.6751695676412,1569.6867837896432,0.511,13188.0
394,1569.3731997955897,1569.3848140175917,0.626,13344.0
395,1569.1176869115461,1569.129301133548,0.93,13476.0
396,1569.0828442455402,1569.0944584675422,0.52,13494.0
397,1568.9899304695243,1569.0015446915263,0.574,13542.0
398,1567.0619696171952,1567.0735838391972,0.7,14538.0
399,1558.4442168917244,1558.4558311137264,0.7,18990.0
400,1558.142247119673,1558.1538613416749,0.64,19146.0
401,1556.6440124814173,1556.6556267034193,0.51,19920.0
402,1556.4814133733894,1556.4930275953914,0.518,20004.0
403,1556.2723573773537,1556.2839715993557,0.573,20112.0
404,1556.086529825322,1556.098144047324,0.595,20208.0
405,1555.9820018273042,1555.9936160493062,0.537,20262.0
406,1555.9239307172943,1555.9355449392963,0.853,20292.0
407,1555.7497173872646,1555.7613316092666,0.588,20382.0
408,1555.3664480611992,1555.3780622832012,0.658,20580.0
409,1554.9599502911299,1554.9715645131319,0.515,20790.0
410,1554.832193849108,1554.84380807111,0.578,20856.0
411,1554.3792391910308,1554.3908534130328,0.51,21090.0
412,1552.4048214506938,1552.4164356726958,0.536,22110.0
413,1551.1504854744796,1551.1620996964816,0.521,22758.0
414,1550.6743023723984,1550.6859165944004,0.83,23004.0
415,1550.6626881503964,1550.6743023723984,0.924,23010.0
416,1550.6162312623885,1550.6278454843905,0.873,23034.0
417,1550.6046170403865,1550.6162312623885,0.925,23040.0
418,1550.4420179323588,1550.4536321543608,0.516,23124.0
419,1550.4187894883548,1550.4304037103568,0.52,23136.0
420,1550.337489934341,1550.349104156343,0.58,23178.0
421,1550.2213477143212,1550.2329619363231,0.679,23238.0
422,1550.0703628282954,1550.0819770502974,0.75,23316.0
423,1550.0355201622895,1550.0471343842914,0.796,23334.0
424,1549.9774490522796,1549.9890632742815,0.775,23364.0
425,1549.9426063862736,1549.9542206082756,0.703,23382.0
426,1549.9193779422696,1549.9309921642716,0.925,23394.0
427,1549.8729210542617,1549.8845352762637,0.766,23418.0
428,1549.7800072782459,1549.7916215002479,0.908,23466.0
429,1549.698707724232,1549.710321946234,0.772,23508.0
430,1549.6057939482162,1549.6174081702181,0.604,23556.0
431,1549.5941797262142,1549.6057939482162,0.687,23562.0
432,1549.5825655042122,1549.5941797262142,0.658,23568.0
433,1549.57095128221,1549.5825655042122,0.748,23574.0
434,1549.5361086162043,1549.547722838206,0.677,23592.0
435,1549.5128801722003,1549.524494394202,0.564,23604.0
436,1549.1179966241327,1549.1296108461347,0.843,23808.0
437,1549.0831539581268,1549.0947681801288,0.65,23826.0
438,1548.7811841860753,1548.7927984080773,0.582,23982.0
439,1548.7579557420713,1548.7695699640733,0.608,23994.0
440,1640.6380659997521,1640.6496802217541,0.527,744.0
441,1636.4917887450447,1636.5034029670467,0.624,2886.0
442,1630.5685355240337,1630.5801497460357,0.536,5946.0
443,1629.3141995478197,1629.3258137698217,0.601,6594.0
444,1627.3862386954906,1627.3978529174926,0.636,7590.0
445,1627.3397818074827,1627.3513960294847,0.572,7614.0
446,1627.3165533634788,1627.3281675854807,0.621,7626.0
447,1627.130725811447,1627.142340033449,0.547,7722.0
448,1627.0610404794352,1627.0726547014372,0.612,7758.0
449,1627.0145835914273,1627.0261978134292,0.543,7782.0
450,1626.9681267034193,1626.9797409254213,0.585,7806.0
451,1626.8403702613973,1626.8519844833993,0.736,7872.0
452,1626.8287560393953,1626.8403702613973,0.913,7878.0
453,1626.7822991513874,1626.7939133733894,0.528,7902.0
454,1626.7474564853815,1626.7590707073834,0.549,7920.0
455,1626.5616289333498,1626.5732431553517,0.623,8016.0
456,1626.5384004893458,1626.5500147113478,0.639,8028.0
457,1626.375801381318,1626.38741560332,0.614,8112.0
458,1626.2596591612983,1626.2712733833002,0.731,8172.0
459,1626.1899738292864,1626.2015880512884,0.855,8208.0
460,1626.1667453852824,1626.1783596072844,0.549,8220.0
461,1626.1435169412784,1626.1551311632804,0.754,8232.0
462,1626.0389889432606,1626.0506031652626,0.637,8286.0
463,1625.8996182792368,1625.9112325012388,0.714,8358.0
464,1625.818318725223,1625.829932947225,0.542,8400.0
465,1625.783476059217,1625.795090281219,0.668,8418.0
466,1625.6092627291873,1625.6208769511893,0.527,8508.0
467,1625.5860342851834,1625.5976485071853,0.56,8520.0
468,1625.5744200631814,1625.5860342851834,0.561,8526.0
469,1625.5395773971754,1625.5511916191774,0.525,8544.0
470,1625.4118209551536,1625.4234351771556,0.868,8610.0
471,1625.3305214011398,1625.3421356231418,0.521,8652.0
472,1625.260836069128,1625.2724502911299,0.71,8688.0
473,1625.202764959118,1625.21437918112,0.529,8718.0
474,1625.167922293112,1625.179536515114,0.881,8736.0
475,1625.15630807111,1625.167922293112,0.604,8742.0
476,1625.1214654051041,1625.133079627106,0.809,8760.0
477,1625.0982369611002,1625.1098511831021,0.567,8772.0
478,1624.9240236310704,1624.9356378530724,0.59,8862.0
479,1624.9124094090685,1624.9240236310704,0.573,8868.0
480,1624.8427240770566,1624.8543382990586,0.512,8904.0
481,1624.7730387450447,1624.7846529670467,0.769,8940.0
482,1624.7498103010407,1624.7614245230427,0.674,8952.0
483,1624.7149676350348,1624.7265818570368,0.638,8970.0
484,1624.7033534130328,1624.7149676350348,0.547,8976.0
485,1624.6685107470269,1624.6801249690288,0.606,8994.0
486,1624.622053859019,1624.633668081021,0.735,9018.0
487,1624.540754305005,1624.552368527007,0.894,9060.0
488,1624.494297416997,1624.505911638999,0.548,9084.0
489,1624.471068972993,1624.482683194995,0.855,9096.0
490,1624.447840528989,1624.459454750991,0.715,9108.0
491,1624.412997862983,1624.424612084985,0.706,9126.0
492,1624.3433125309712,1624.3549267529731,0.557,9162.0
493,1624.2968556429632,1624.3084698649652,0.612,9186.0
494,1623.9484289829038,1623.9600432049058,0.657,9366.0
495,1623.9019720948959,1623.9135863168979,0.591,9390.0
496,1623.890357872894,1623.9019720948959,0.552,9396.0
497,1623.855515206888,1623.86712942889,0.57,9414.0
498,1623.80905831888,1623.820672540882,0.588,9438.0
499,1623.797444096878,1623.80905831888,0.913,9444.0
500,1623.7393729868681,1623.7509872088701,0.694,9474.0
501,1623.7277587648662,1623.7393729868681,0.619,9480.0
502,1623.7161445428642,1623.7277587648662,0.684,9486.0
503,1623.6813018768582,1623.6929160988602,0.64,9504.0
504,1623.6464592108523,1623.6580734328543,0.621,9522.0
505,1623.4838601028246,1623.4954743248265,0.721,9606.0
506,1623.239961440783,1623.251575662785,0.695,9732.0
507,1623.216732996779,1623.228347218781,0.677,9744.0
508,1623.1238192207632,1623.1354334427651,0.649,9792.0
509,1623.0425196667493,1623.0541338887513,0.7,9834.0
510,1622.9031490027255,1622.9147632247275,0.557,9906.0
511,1622.8683063367196,1622.8799205587216,0.847,9924.0
512,1622.8218494487116,1622.8334636707136,0.514,9948.0
513,1622.6940930066899,1622.7057072286918,0.523,10014.0
514,1622.589565008672,1622.601179230674,0.597,10068.0
515,1622.57795078667,1622.589565008672,0.669,10074.0
516,1622.543108120664,1622.554722342666,0.795,10092.0
517,1622.5314938986621,1622.543108120664,0.876,10098.0
518,1622.5198796766601,1622.5314938986621,0.519,10104.0
519,1622.5082654546582,1622.5198796766601,0.625,10110.0
520,1622.4966512326562,1622.5082654546582,0.779,10116.0
521,1622.4618085666502,1622.4734227886522,0.653,10134.0
522,1622.4501943446483,1622.4618085666502,0.548,10140.0
523,1622.4153516786423,1622.4269659006443,0.745,10158.0
524,1622.3805090126364,1622.3921232346383,0.626,10176.0
525,1622.3688947906344,1622.3805090126364,0.854,10182.0
526,1622.3340521246284,1622.3456663466304,0.622,10200.0
527,1622.2875952366205,1622.2992094586225,0.694,10224.0
528,1622.2643667926166,1622.2759810146185,0.758,10236.0
529,1622.2527525706146,1622.2643667926166,0.776,10242.0
530,1622.2295241266106,1622.2411383486126,0.641,10254.0
531,1622.2179099046086,1622.2295241266106,0.621,10260.0
532,1622.2062956826067,1622.2179099046086,0.734,10266.0
533,1622.1714530166005,1622.1830672386027,0.784,10284.0
534,1622.1598387945985,1622.1714530166005,0.584,10290.0
535,1622.1482245725965,1622.1598387945985,0.54,10296.0
536,1622.1366103505945,1622.1482245725965,0.852,10302.0
537,1622.1249961285926,1622.1366103505945,0.673,10308.0
538,1622.0669250185827,1622.0785392405846,0.656,10338.0
539,1622.0553107965807,1622.0669250185827,0.755,10344.0
540,1622.0436965745787,1622.0553107965807,0.688,10350.0
541,1622.0320823525767,1622.0436965745787,0.743,10356.0
542,1622.0088539085727,1622.0204681305747,0.859,10368.0
543,1621.6023561385034,1621.6139703605054,0.644,10578.0
544,1621.5675134724975,1621.5791276944994,0.776,10596.0
545,1621.5558992504955,1621.5675134724975,0.601,10602.0
546,1621.265543700446,1621.277157922448,0.677,10752.0
547,1621.184244146432,1621.195858368434,0.532,10794.0
548,1620.9403454843905,1620.9519597063925,0.795,10920.0
549,1620.9287312623885,1620.9403454843905,0.568,10926.0
550,1620.9055028183845,1620.9171170403865,0.589,10938.0
551,1620.8938885963826,1620.9055028183845,0.587,10944.0
552,1620.8125890423687,1620.8242032643707,0.763,10986.0
553,1620.684832600347,1620.696446822349,0.535,11052.0
554,1620.673218378345,1620.684832600347,0.755,11058.0
555,1620.5454619363231,1620.5570761583251,0.658,11124.0
556,1620.4525481603073,1620.4641623823093,0.696,11172.0
557,1620.2318779422696,1620.2434921642716,0.69,11286.0
558,1620.1970352762637,1620.2086494982657,0.748,11304.0
559,1619.9066797262142,1619.9182939482162,0.829,11454.0
560,1619.7789232841922,1619.7905375061941,0.509,11520.0
561,1619.7440806181862,1619.7556948401882,0.807,11538.0
562,1619.291125960109,1619.302740182111,0.632,11772.0
563,1619.279511738107,1619.291125960109,0.51,11778.0
564,1619.267897516105,1619.279511738107,0.573,11784.0
565,1619.233054850099,1619.244669072101,0.702,11802.0
566,1619.198212184093,1619.209826406095,0.518,11820.0
567,1619.0936841860753,1619.1052984080773,0.513,11874.0
568,1619.0239988540634,1619.0356130760654,0.52,11910.0
569,1619.0007704100594,1619.0123846320614,0.582,11922.0
570,1618.640729527998,1618.65234375,0.581,12108.0
571,1618.617501083994,1618.629115305996,0.613,12120.0
572,1618.5826584179881,1618.59427263999,0.783,12138.0
573,1618.5362015299802,1618.5478157519822,0.66,12162.0
574,1618.5013588639742,1618.5129730859762,0.631,12180.0
575,1618.4549019759663,1618.4665161979683,0.676,12204.0
576,1618.4200593099604,1618.4316735319624,0.85,12222.0
577,1618.4084450879584,1618.4200593099604,0.852,12228.0
578,1618.3852166439544,1618.3968308659564,0.599,12240.0
579,1618.3387597559465,1618.3503739779485,0.712,12264.0
580,1618.2806886459366,1618.2923028679386,0.852,12294.0
581,1618.2574602019326,1618.2690744239346,0.534,12306.0
582,1618.1297037599109,1618.1413179819128,0.685,12372.0
583,1618.1180895379089,1618.1297037599109,0.579,12378.0
584,1618.083246871903,1618.094861093905,0.759,12396.0
585,1618.036789983895,1618.048404205897,0.533,12420.0
586,1618.013561539891,1618.025175761893,0.582,12432.0
587,1616.01591535555,1616.027529577552,0.635,13464.0
588,1615.7836309155105,1615.7952451375124,0.726,13584.0
589,1610.4062461285926,1610.4178603505945,0.544,16362.0
590,1609.6629359204658,1609.6745501424678,0.622,16746.0
591,1606.921979527998,1606.93359375,0.784,18162.0
592,1606.898751083994,1606.910365305996,0.525,18174.0
593,1606.887136861992,1606.898751083994,0.528,18180.0
594,1606.7245377539643,1606.7361519759663,0.529,18264.0
595,1606.7129235319624,1606.7245377539643,0.629,18270.0
596,1606.6780808659564,1606.6896950879584,0.681,18288.0
597,1606.5735528679386,1606.5851670899406,0.824,18342.0
598,1605.6908719957878,1605.7024862177898,0.513,18798.0
599,1605.621186663776,1605.632800885778,0.548,18834.0
600,1605.3772880017343,1605.3889022237363,0.511,18960.0
601,1605.3424453357284,1605.3540595577304,0.633,18978.0
602,1605.005632897671,1605.017247119673,0.526,19152.0
603,1604.970790231665,1604.982404453667,0.52,19170.0
604,1604.935947565659,1604.947561787661,0.502,19188.0
605,1604.8778764556491,1604.889490677651,0.508,19218.0
606,1604.8546480116452,1604.8662622336471,0.511,19230.0
607,1604.7965769016353,1604.8081911236372,0.602,19260.0
608,1604.7849626796333,1604.7965769016353,0.525,19266.0
609,1604.7733484576313,1604.7849626796333,0.652,19272.0
610,1604.7152773476214,1604.7268915696234,0.593,19302.0
611,1604.7036631256194,1604.7152773476214,0.524,19308.0
612,1604.5875209055996,1604.5991351276016,0.516,19368.0
613,1604.4713786855798,1604.4829929075818,0.722,19428.0
614,1604.4597644635778,1604.4713786855798,0.604,19434.0
615,1604.401693353568,1604.41330757557,0.523,19464.0
616,1604.308779577552,1604.320393799554,0.591,19512.0
617,1604.29716535555,1604.308779577552,0.529,19518.0
618,1604.285551133548,1604.29716535555,0.623,19524.0
619,1604.1694089135283,1604.1810231355303,0.657,19584.0
620,1604.1577946915263,1604.1694089135283,0.73,19590.0
621,1604.1113378035184,1604.1229520255204,0.536,19614.0
622,1604.0997235815164,1604.1113378035184,0.514,19620.0
623,1604.0648809155105,1604.0764951375124,0.722,19638.0
624,1604.0416524715065,1604.0532666935085,0.516,19650.0
625,1604.0068098055006,1604.0184240275025,0.532,19668.0
626,1603.9951955834986,1604.0068098055006,0.515,19674.0
627,1603.9835813614966,1603.9951955834986,0.652,19680.0
628,1603.9719671394946,1603.9835813614966,0.61,19686.0
629,1603.9603529174926,1603.9719671394946,0.624,19692.0
630,1603.9487386954906,1603.9603529174926,0.703,19698.0
631,1603.9371244734887,1603.9487386954906,0.581,19704.0
632,1603.9255102514867,1603.9371244734887,0.669,19710.0
633,1603.9138960294847,1603.9255102514867,0.587,19716.0
634,1603.9022818074827,1603.9138960294847,0.702,19722.0
635,1603.8906675854807,1603.9022818074827,0.584,19728.0
636,1603.8790533634788,1603.8906675854807,0.616,19734.0
637,1603.8674391414768,1603.8790533634788,0.603,19740.0
638,1603.8558249194748,1603.8674391414768,0.664,19746.0
639,1603.8442106974728,1603.8558249194748,0.59,19752.0
640,1603.8325964754708,1603.8442106974728,0.669,19758.0
641,1603.8209822534689,1603.8325964754708,0.583,19764.0
642,1603.8093680314669,1603.8209822534689,0.598,19770.0
643,1603.797753809465,1603.8093680314669,0.591,19776.0
644,1603.786139587463,1603.797753809465,0.591,19782.0
645,1603.774525365461,1603.786139587463,0.656,19788.0
646,1603.762911143459,1603.774525365461,0.628,19794.0
647,1603.751296921457,1603.762911143459,0.566,19800.0
648,1603.739682699455,1603.751296921457,0.597,19806.0
649,1603.728068477453,1603.739682699455,0.645,19812.0
650,1603.716454255451,1603.728068477453,0.562,19818.0
651,1603.704840033449,1603.716454255451,0.691,19824.0
652,1603.693225811447,1603.704840033449,0.613,19830.0
653,1603.681611589445,1603.693225811447,0.566,19836.0
654,1603.669997367443,1603.681611589445,0.568,19842.0
655,1603.6583831454411,1603.669997367443,0.6,19848.0
656,1603.6467689234391,1603.6583831454411,0.603,19854.0
657,1603.6351547014372,1603.6467689234391,0.649,19860.0
658,1603.6235404794352,1603.6351547014372,0.664,19866.0
659,1603.6119262574332,1603.6235404794352,0.708,19872.0
660,1603.6003120354312,1603.6119262574332,0.644,19878.0
661,1603.5886978134292,1603.6003120354312,0.677,19884.0
662,1603.5770835914273,1603.5886978134292,0.614,19890.0
663,1603.5654693694253,1603.5770835914273,0.763,19896.0
664,1603.5538551474233,1603.5654693694253,0.615,19902.0
665,1603.5422409254213,1603.5538551474233,0.643,19908.0
666,1603.5306267034193,1603.5422409254213,0.594,19914.0
667,1603.5190124814173,1603.5306267034193,0.658,19920.0
668,1603.5073982594154,1603.5190124814173,0.642,19926.0
669,1603.4957840374134,1603.5073982594154,0.664,19932.0
670,1603.4841698154114,1603.4957840374134,0.589,19938.0
671,1603.4725555934092,1603.4841698154114,0.736,19944.0
672,1603.4609413714074,1603.4725555934092,0.665,19950.0
673,1603.4493271494052,1603.4609413714074,0.61,19956.0
674,1603.4377129274035,1603.4493271494052,0.598,19962.0
675,1603.4260987054013,1603.4377129274035,0.659,19968.0
676,1603.4144844833995,1603.4260987054013,0.65,19974.0
677,1603.4028702613973,1603.4144844833995,0.881,19980.0
678,1603.3912560393953,1603.4028702613973,0.898,19986.0
679,1603.3796418173933,1603.3912560393953,0.812,19992.0
680,1603.3680275953914,1603.3796418173933,0.98,19998.0
681,1603.3564133733894,1603.3680275953914,0.971,20004.0
682,1603.3447991513874,1603.3564133733894,0.806,20010.0
683,1603.3331849293854,1603.3447991513874,0.926,20016.0
684,1603.3215707073834,1603.3331849293854,0.801,20022.0
685,1603.3099564853815,1603.3215707073834,0.849,20028.0
686,1603.2983422633795,1603.3099564853815,0.785,20034.0
687,1603.2867280413775,1603.2983422633795,0.754,20040.0
688,1603.2751138193755,1603.2867280413775,0.874,20046.0
689,1603.2634995973735,1603.2751138193755,0.782,20052.0
690,1603.2518853753716,1603.2634995973735,0.851,20058.0
691,1603.2402711533696,1603.2518853753716,0.935,20064.0
692,1603.2286569313676,1603.2402711533696,0.89,20070.0
693,1603.2054284873636,1603.2170427093656,0.531,20082.0
694,1603.1938142653617,1603.2054284873636,0.559,20088.0
695,1603.1822000433597,1603.1938142653617,0.572,20094.0
696,1603.1705858213577,1603.1822000433597,0.563,20100.0
697,1603.1473573773537,1603.1589715993557,0.606,20112.0
698,1603.1357431553517,1603.1473573773537,0.572,20118.0
699,1603.1241289333498,1603.1357431553517,0.528,20124.0
700,1603.1009004893458,1603.1125147113478,0.554,20136.0
701,1603.0892862673438,1603.1009004893458,0.722,20142.0
702,1603.0776720453418,1603.0892862673438,0.762,20148.0
703,1603.0660578233399,1603.0776720453418,0.872,20154.0
704,1603.0544436013379,1603.0660578233399,0.799,20160.0
705,1603.042829379336,1603.0544436013379,0.835,20166.0
706,1603.031215157334,1603.042829379336,0.751,20172.0
707,1603.019600935332,1603.031215157334,0.843,20178.0
708,1603.00798671333,1603.019600935332,0.72,20184.0
709,1602.996372491328,1603.00798671333,0.728,20190.0
710,1602.984758269326,1602.996372491328,0.774,20196.0
711,1602.973144047324,1602.984758269326,0.92,20202.0
712,1602.961529825322,1602.973144047324,0.826,20208.0
713,1602.94991560332,1602.961529825322,0.834,20214.0
714,1602.938301381318,1602.94991560332,0.785,20220.0
715,1602.926687159316,1602.938301381318,0.854,20226.0
716,1602.915072937314,1602.926687159316,0.939,20232.0
717,1602.9034587153121,1602.915072937314,0.798,20238.0
718,1602.8918444933101,1602.9034587153121,0.803,20244.0
719,1602.8802302713082,1602.8918444933101,0.79,20250.0
720,1602.8686160493062,1602.8802302713082,0.81,20256.0
721,1602.8570018273042,1602.8686160493062,0.78,20262.0
722,1602.8453876053022,1602.8570018273042,0.902,20268.0
723,1602.8337733833002,1602.8453876053022,0.82,20274.0
724,1602.8221591612983,1602.8337733833002,0.7,20280.0
725,1602.8105449392963,1602.8221591612983,0.729,20286.0
726,1602.7989307172943,1602.8105449392963,0.566,20292.0
727,1602.7873164952923,1602.7989307172943,0.613,20298.0
728,1602.7757022732903,1602.7873164952923,0.668,20304.0
729,1602.7640880512884,1602.7757022732903,0.791,20310.0
730,1602.7524738292864,1602.7640880512884,0.641,20316.0
731,1602.7408596072844,1602.7524738292864,0.811,20322.0
732,1602.7176311632804,1602.7292453852824,0.743,20334.0
733,1602.5201893892468,1602.5318036112487,0.687,20436.0
734,1602.4969609452428,1602.5085751672448,0.696,20448.0
735,1602.415661391229,1602.427275613231,0.683,20490.0
736,1602.404047169227,1602.415661391229,0.507,20496.0
737,1602.392432947225,1602.404047169227,0.521,20502.0
738,1602.0091636211596,1602.0207778431616,0.513,20700.0
739,1601.9510925111497,1601.9627067331517,0.531,20730.0
740,1601.9394782891477,1601.9510925111497,0.592,20736.0
741,1601.9162498451437,1601.9278640671457,0.578,20748.0
742,1601.8465645131319,1601.8581787351338,0.712,20784.0
743,1601.8349502911299,1601.8465645131319,0.681,20790.0
744,1601.823336069128,1601.8349502911299,0.696,20796.0
745,1601.4516809650645,1601.4632951870665,0.91,20988.0
746,1601.3587671890486,1601.3703814110506,0.862,21036.0
747,1601.3123103010407,1601.3239245230427,0.716,21060.0
748,1601.2310107470269,1601.2426249690288,0.707,21102.0
749,1601.149711193013,1601.161325415015,0.582,21144.0
750,1601.080025861001,1601.0916400830029,0.608,21180.0
751,1601.068411638999,1601.080025861001,0.61,21186.0
752,1600.8941983089692,1600.9058125309712,0.529,21276.0
753,1600.8361271989593,1600.8477414209613,0.717,21306.0
754,1600.4760863168979,1600.4877005388998,0.723,21492.0
755,1600.383172540882,1600.394786762884,0.609,21540.0
756,1600.37155831888,1600.383172540882,0.759,21546.0
757,1600.2786445428642,1600.2902587648662,0.52,21594.0
758,1600.1741165448464,1600.1857307668483,0.538,21648.0
759,1599.8605325507929,1599.8721467727948,0.556,21810.0
760,1599.837304106789,1599.848918328791,0.6,21822.0
761,1599.814075662785,1599.825689884787,0.544,21834.0
762,1599.5701770007433,1599.5817912227453,0.523,21960.0
763,1599.5353343347374,1599.5469485567394,0.503,21978.0
764,1599.5237201127354,1599.5353343347374,0.515,21984.0
765,1599.5004916687315,1599.5121058907334,0.673,21996.0
766,1599.4888774467295,1599.5004916687315,0.674,22002.0
767,1599.4772632247275,1599.4888774467295,0.814,22008.0
768,1599.4656490027255,1599.4772632247275,0.761,22014.0
769,1599.4540347807235,1599.4656490027255,0.795,22020.0
770,1599.4424205587216,1599.4540347807235,0.637,22026.0
771,1599.4308063367196,1599.4424205587216,0.72,22032.0
772,1599.4191921147176,1599.4308063367196,0.818,22038.0
773,1599.4075778927156,1599.4191921147176,0.739,22044.0
774,1599.3959636707136,1599.4075778927156,0.838,22050.0
775,1599.3843494487116,1599.3959636707136,0.738,22056.0
776,1599.3727352267097,1599.3843494487116,0.771,22062.0
777,1599.3611210047077,1599.3727352267097,0.723,22068.0
778,1599.3495067827057,1599.3611210047077,0.787,22074.0
779,1599.3378925607037,1599.3495067827057,0.729,22080.0
780,1599.3262783387017,1599.3378925607037,0.779,22086.0
781,1599.3146641166998,1599.3262783387017,0.782,22092.0
782,1599.3030498946978,1599.3146641166998,0.834,22098.0
783,1599.2914356726958,1599.3030498946978,0.812,22104.0
784,1599.2798214506938,1599.2914356726958,0.771,22110.0
785,1599.2682072286918,1599.2798214506938,0.828,22116.0
786,1599.2565930066899,1599.2682072286918,0.834,22122.0
787,1599.2449787846879,1599.2565930066899,0.767,22128.0
788,1599.233364562686,1599.2449787846879,0.745,22134.0
789,1599.221750340684,1599.233364562686,0.74,22140.0
790,1599.210136118682,1599.221750340684,0.741,22146.0
791,1599.19852189668,1599.210136118682,0.732,22152.0
792,1599.186907674678,1599.19852189668,0.761,22158.0
793,1599.175293452676,1599.186907674678,0.786,22164.0
794,1599.163679230674,1599.175293452676,0.754,22170.0
795,1599.152065008672,1599.163679230674,0.83,22176.0
796,1599.14045078667,1599.152065008672,0.665,22182.0
797,1599.128836564668,1599.14045078667,0.797,22188.0
798,1599.117222342666,1599.128836564668,0.787,22194.0
799,1599.105608120664,1599.117222342666,0.775,22200.0
800,1599.0939938986621,1599.105608120664,0.964,22206.0
801,1599.0823796766601,1599.0939938986621,0.812,22212.0
802,1599.0707654546582,1599.0823796766601,0.753,22218.0
803,1599.0591512326562,1599.0707654546582,0.708,22224.0
804,1599.0475370106542,1599.0591512326562,0.845,22230.0
805,1599.0359227886522,1599.0475370106542,0.958,22236.0
806,1599.0243085666502,1599.0359227886522,0.72,22242.0
807,1599.0126943446483,1599.0243085666502,0.812,22248.0
808,1599.0010801226463,1599.0126943446483,0.74,22254.0
809,1598.9894659006443,1599.0010801226463,0.767,22260.0
810,1598.9778516786423,1598.9894659006443,0.812,22266.0
811,1598.9662374566403,1598.9778516786423,0.747,22272.0
812,1598.9546232346383,1598.9662374566403,0.65,22278.0
813,1598.9430090126364,1598.9546232346383,0.623,22284.0
814,1598.9313947906344,1598.9430090126364,0.743,22290.0
815,1598.9081663466304,1598.9197805686324,0.647,22302.0
816,1598.8965521246284,1598.9081663466304,0.629,22308.0
817,1598.8849379026265,1598.8965521246284,0.567,22314.0
818,1598.8733236806245,1598.8849379026265,0.603,22320.0
819,1598.8617094586225,1598.8733236806245,0.558,22326.0
820,1598.8500952366205,1598.8617094586225,0.568,22332.0
821,1598.8384810146185,1598.8500952366205,0.587,22338.0
822,1598.8268667926166,1598.8384810146185,0.536,22344.0
823,1598.5713539085727,1598.5829681305747,0.509,22476.0
824,1598.373912134539,1598.385526356541,0.706,22578.0
825,1687.3388526697224,1687.3504668917244,0.641,834.0
826,1684.9230944933101,1684.9347087153121,0.533,2082.0
827,1681.7407976647671,1681.752411886769,0.526,3726.0
828,1675.817544443756,1675.829158665758,0.534,6786.0
829,1672.8443036112487,1672.8559178332507,0.572,8322.0
830,1672.4378058411794,1672.4494200631814,0.55,8532.0
831,1669.8129916687315,1669.8246058907334,0.513,9888.0
832,1668.3147570304757,1668.3263712524777,0.573,10662.0
833,1667.3275481603073,1667.3391623823093,0.511,11172.0
834,1662.7980015795342,1662.8096158015362,0.551,13512.0
835,1661.6481936013379,1661.6598078233399,0.634,14106.0
836,1654.6680461781466,1654.6796604001486,0.708,17712.0
837,1732.5646331454411,1732.576247367443,0.502,1686.0
838,1728.5693407767592,1728.5809549987612,0.697,3750.0
839,1727.6285887945985,1727.6402030166005,0.605,4236.0
840,1718.221068972993,1718.232683194995,0.532,9096.0
841,1717.036418328791,1717.0480325507929,0.528,9708.0
842,1708.3373660493062,1708.3489802713082,0.629,14202.0
843,1706.7462176350348,1706.7578318570368,0.541,15024.0
844,1705.1550692207632,1705.1666834427651,0.505,15846.0
845,1703.900733244549,1703.912347466551,0.522,16494.0
846,1703.7032914705153,1703.7149056925173,0.528,16596.0
847,1699.8241413218534,1699.8357555438554,0.734,18600.0
848,1699.7660702118435,1699.7776844338455,0.584,18630.0
849,1697.524525365461,1697.536139587463,0.793,19788.0
850,1697.454840033449,1697.466454255451,0.557,19824.0
851,1695.6314071791378,1695.6430214011398,0.571,20766.0
852,1694.4002996469276,1694.4119138689296,0.629,21402.0
853,1691.0437894883548,1691.0554037103568,0.646,23136.0
854,1690.8347334923192,1690.8463477143212,0.616,23244.0
855,1772.5059426102578,1772.5175568322597,0.729,5268.0
856,1769.1378182296828,1769.1494324516848,0.521,7008.0
857,1767.2098573773537,1767.2214715993557,0.501,8004.0
858,1767.1285578233399,1767.1401720453418,0.538,8046.0
859,1765.9903640671457,1766.0019782891477,0.686,8634.0
860,1760.8801063862736,1760.8917206082756,0.669,11274.0
861,1756.4318593595144,1756.4434735815164,0.546,13572.0
862,1755.5724069313676,1755.5840211533696,0.694,14016.0
863,1750.2995501424678,1750.3111643644697,0.734,16740.0
864,1745.8396888937066,1745.8513031157086,0.56,19044.0
865,1743.6910578233399,1743.7026720453418,0.505,20154.0
866,1739.9977352267097,1740.0093494487116,0.519,22062.0
867,1827.7780251176907,1827.7896393396927,0.505,930.0
868,1820.6933496964816,1820.7049639184836,0.599,4590.0
869,1819.4738563862736,1819.4854706082756,0.53,5220.0
870,1814.2474564853815,1814.2590707073834,0.628,7920.0
871,1812.8072929571358,1812.8189071791378,0.608,8664.0
872,1812.4937089630823,1812.5053231850843,0.542,8826.0
873,1809.7527525706146,1809.7643667926166,0.591,10242.0
874,1809.323026356541,1809.334640578543,0.571,10464.0
875,1807.6157357222498,1807.6273499442518,0.564,11346.0
876,1807.522821946234,1807.534436168236,0.577,11394.0
877,1807.1395526201684,1807.1511668421704,0.551,11592.0
878,1793.9690248699208,1793.9806390919227,0.551,18396.0
879,1792.494018675669,1792.505632897671,0.616,19158.0
880,1869.0317416687315,1869.0433558907334,0.513,3834.0
881,1866.8598821543608,1866.8714963763628,0.573,4956.0
882,1862.760061787661,1862.771676009663,0.637,7074.0
883,1855.640543700446,1855.652157922448,0.505,10752.0
884,1843.0855697163033,1843.0971839383053,0.566,17238.0
