,f_start,f_end
0,1053.9293575286865,1053.9293575286865
1,1053.9293575286865,1053.9293575286865
2,1053.9293575286865,1053.9293575286865
3,1053.9293575286865,1053.9293575286865
4,1053.9293575286865,1053.9293575286865
5,1053.9293575286865,1053.9293575286865
6,1053.9293575286865,1053.9293575286865
7,1053.9293575286865,1053.9293575286865
8,1053.9293575286865,1053.9293575286865
9,1053.9293575286865,1053.9293575286865
10,1053.9293575286865,1053.9293575286865
11,1053.9293575286865,1053.9293575286865
12,1053.9293575286865,1053.9293575286865
13,1053.9293575286865,1053.9293575286865
14,1053.9293575286865,1053.9293575286865
15,1053.9293575286865,1053.9293575286865
16,1053.9293575286865,1053.9293575286865
17,1053.9293575286865,1053.9293575286865
18,1053.9293575286865,1053.9293575286865
19,1053.9293575286865,1053.9293575286865
20,1053.9293575286865,1053.9293575286865
21,1053.9293575286865,1053.9293575286865
22,1053.9293575286865,1053.9293575286865
23,1053.9293575286865,1053.9293575286865
24,1053.9293575286865,1053.9293575286865
25,1053.9293575286865,1053.9293575286865
26,1053.9293575286865,1053.9293575286865
27,1053.9293575286865,1053.9293575286865
28,1053.9293575286865,1053.9293575286865
29,1053.9293575286865,1053.9293575286865
30,1053.9293575286865,1053.9293575286865
31,1053.9293575286865,1053.9293575286865
32,1053.9293575286865,1053.9293575286865
33,1053.9293575286865,1053.9293575286865
34,1053.9293575286865,1053.9293575286865
35,1053.9293575286865,1053.9293575286865
36,1053.9293575286865,1053.9293575286865
37,1053.9293575286865,1053.9293575286865
38,1053.9293575286865,1053.9293575286865
39,1053.9293575286865,1053.9293575286865
40,1053.9293575286865,1053.9293575286865
41,1053.9293575286865,1053.9293575286865
42,1053.9293575286865,1053.9293575286865
43,1053.9293575286865,1053.9293575286865
44,1053.9293575286865,1053.9293575286865
45,1053.9293575286865,1053.9293575286865
46,1053.9293575286865,1053.9293575286865
47,1053.9293575286865,1053.9293575286865
48,1053.9293575286865,1053.9293575286865
49,1053.9293575286865,1053.9293575286865
50,1053.9293575286865,1053.9293575286865
51,1053.9293575286865,1053.9293575286865
52,1053.9293575286865,1053.9293575286865
53,1053.9293575286865,1053.9293575286865
54,1053.9293575286865,1053.9293575286865
55,1053.9293575286865,1053.9293575286865
56,1053.9293575286865,1053.9293575286865
57,1053.9293575286865,1053.9293575286865
58,1053.9293575286865,1053.9293575286865
59,1053.9293575286865,1053.9293575286865
60,1053.9293575286865,1053.9293575286865
61,1053.9293575286865,1053.9293575286865
62,1053.9293575286865,1053.9293575286865
63,1053.9293575286865,1053.9293575286865
64,1053.9293575286865,1053.9293575286865
65,1053.9293575286865,1053.9293575286865
66,1053.9293575286865,1053.9293575286865
67,1053.9293575286865,1053.9293575286865
68,1053.9293575286865,1053.9293575286865
69,1053.9293575286865,1053.9293575286865
70,1053.9293575286865,1053.9293575286865
71,1053.9293575286865,1053.9293575286865
72,1053.9293575286865,1053.9293575286865
73,1053.9293575286865,1053.9293575286865
74,1053.9293575286865,1053.9293575286865
75,1053.9293575286865,1053.9293575286865
76,1053.9293575286865,1053.9293575286865
77,1053.9293575286865,1053.9293575286865
78,1053.9293575286865,1053.9293575286865
79,1053.9293575286865,1053.9293575286865
80,1053.9293575286865,1053.9293575286865
81,1053.9293575286865,1053.9293575286865
82,1053.9293575286865,1053.9293575286865
83,1053.9293575286865,1053.9293575286865
84,1053.9293575286865,1053.9293575286865
85,1053.9293575286865,1053.9293575286865
86,1053.9293575286865,1053.9293575286865
87,1053.9293575286865,1053.9293575286865
88,1053.9293575286865,1053.9293575286865
89,1053.9293575286865,1053.9293575286865
90,1053.9293575286865,1053.9293575286865
91,1053.9293575286865,1053.9293575286865
92,1053.9293575286865,1053.9293575286865
93,1053.9293575286865,1053.9293575286865
94,1053.9293575286865,1053.9293575286865
95,1053.9293575286865,1053.9293575286865
96,1053.9293575286865,1053.9293575286865
97,1053.9293575286865,1053.9293575286865
98,1053.9293575286865,1053.9293575286865
99,1053.9293575286865,1053.9293575286865
100,1053.9293575286865,1053.9293575286865
101,1053.9293575286865,1053.9293575286865
102,1053.9293575286865,1053.9293575286865
103,1053.9293575286865,1053.9293575286865
104,1053.9293575286865,1053.9293575286865
105,1053.9293575286865,1053.9293575286865
106,1053.9293575286865,1053.9293575286865
107,1053.9293575286865,1053.9293575286865
108,1053.9293575286865,1053.9293575286865
109,1053.9293575286865,1053.9293575286865
110,1053.9293575286865,1053.9293575286865
111,1053.9293575286865,1053.9293575286865
112,1053.9293575286865,1053.9293575286865
113,1053.9293575286865,1053.9293575286865
114,1053.9293575286865,1053.9293575286865
115,1053.9293575286865,1053.9293575286865
116,1053.9293575286865,1053.9293575286865
117,1053.9293575286865,1053.9293575286865
118,1053.9293575286865,1053.9293575286865
119,1053.9293575286865,1053.9293575286865
120,1053.9293575286865,1053.9293575286865
121,1053.9293575286865,1053.9293575286865
122,1053.9293575286865,1053.9293575286865
123,1053.9293575286865,1053.9293575286865
124,1053.9293575286865,1053.9293575286865
125,1053.9293575286865,1053.9293575286865
126,1053.9293575286865,1053.9293575286865
127,1053.9293575286865,1053.9293575286865
128,1053.9293575286865,1053.9293575286865
129,1053.9293575286865,1053.9293575286865
130,1053.9293575286865,1053.9293575286865
131,1053.9293575286865,1053.9293575286865
132,1053.9293575286865,1053.9293575286865
133,1053.9293575286865,1053.9293575286865
134,1053.9293575286865,1053.9293575286865
135,1053.9293575286865,1053.9293575286865
136,1053.9293575286865,1053.9293575286865
137,1053.9293575286865,1053.9293575286865
138,1053.9293575286865,1053.9293575286865
139,1053.9293575286865,1053.9293575286865
140,1053.9293575286865,1053.9293575286865
141,1053.9293575286865,1053.9293575286865
142,1053.9293575286865,1053.9293575286865
143,1053.9293575286865,1053.9293575286865
144,1053.9293575286865,1053.9293575286865
145,1053.9293575286865,1053.9293575286865
146,1053.9293575286865,1053.9293575286865
147,1053.9293575286865,1053.9293575286865
148,1053.9293575286865,1053.9293575286865
149,1053.9293575286865,1053.9293575286865
150,1053.9293575286865,1053.9293575286865
151,1053.9293575286865,1053.9293575286865
152,1053.9293575286865,1053.9293575286865
153,1053.9293575286865,1053.9293575286865
154,1053.9293575286865,1053.9293575286865
155,1053.9293575286865,1053.9293575286865
156,1053.9293575286865,1053.9293575286865
157,1053.9293575286865,1053.9293575286865
158,1053.9293575286865,1053.9293575286865
159,1053.9293575286865,1053.9293575286865
160,1053.9293575286865,1053.9293575286865
161,1053.9293575286865,1053.9293575286865
162,1053.9293575286865,1053.9293575286865
163,1053.9293575286865,1053.9293575286865
164,1053.9293575286865,1053.9293575286865
165,1053.9293575286865,1053.9293575286865
166,1053.9293575286865,1053.9293575286865
167,1053.9293575286865,1053.9293575286865
168,1053.9293575286865,1053.9293575286865
169,1053.9293575286865,1053.9293575286865
170,1053.9293575286865,1053.9293575286865
171,1053.9293575286865,1053.9293575286865
172,1053.9293575286865,1053.9293575286865
173,1053.9293575286865,1053.9293575286865
174,1053.9293575286865,1053.9293575286865
175,1053.9293575286865,1053.9293575286865
176,1053.9293575286865,1053.9293575286865
177,1053.9293575286865,1053.9293575286865
178,1053.9293575286865,1053.9293575286865
179,1053.9293575286865,1053.9293575286865
180,1053.9293575286865,1053.9293575286865
181,1053.9293575286865,1053.9293575286865
182,1053.9293575286865,1053.9293575286865
183,1053.9293575286865,1053.9293575286865
184,1053.9293575286865,1053.9293575286865
185,1053.9293575286865,1053.9293575286865
186,1053.9293575286865,1053.9293575286865
187,1053.9293575286865,1053.9293575286865
188,1053.9293575286865,1053.9293575286865
189,1053.9293575286865,1053.9293575286865
190,1053.9293575286865,1053.9293575286865
191,1053.9293575286865,1053.9293575286865
192,1053.9293575286865,1053.9293575286865
193,1053.9293575286865,1053.9293575286865
194,1053.9293575286865,1053.9293575286865
195,1053.9293575286865,1053.9293575286865
196,1053.9293575286865,1053.9293575286865
197,1053.9293575286865,1053.9293575286865
198,1053.9293575286865,1053.9293575286865
199,1053.9293575286865,1053.9293575286865
200,1053.9293575286865,1053.9293575286865
201,1053.9293575286865,1053.9293575286865
202,1053.9293575286865,1053.9293575286865
203,1053.9293575286865,1053.9293575286865
204,1053.9293575286865,1053.9293575286865
205,1053.9293575286865,1053.9293575286865
206,1053.9293575286865,1053.9293575286865
207,1053.9293575286865,1053.9293575286865
208,1053.9293575286865,1053.9293575286865
209,1053.9293575286865,1053.9293575286865
210,1053.9293575286865,1053.9293575286865
211,1053.9293575286865,1053.9293575286865
212,1053.9293575286865,1053.9293575286865
213,1053.9293575286865,1053.9293575286865
214,1053.9293575286865,1053.9293575286865
215,1053.9293575286865,1053.9293575286865
216,1053.9293575286865,1053.9293575286865
217,1053.9293575286865,1053.9293575286865
218,1053.9293575286865,1053.9293575286865
219,1053.9293575286865,1053.9293575286865
220,1053.9293575286865,1053.9293575286865
221,1053.9293575286865,1053.9293575286865
222,1053.9293575286865,1053.9293575286865
223,1053.9293575286865,1053.9293575286865
224,1053.9293575286865,1053.9293575286865
225,1053.9293575286865,1053.9293575286865
226,1053.9293575286865,1053.9293575286865
227,1053.9293575286865,1053.9293575286865
228,1053.9293575286865,1053.9293575286865
229,1053.9293575286865,1053.9293575286865
230,1053.9293575286865,1053.9293575286865
231,1053.9293575286865,1053.9293575286865
232,1053.9293575286865,1053.9293575286865
233,1053.9293575286865,1053.9293575286865
234,1053.9293575286865,1053.9293575286865
235,1053.9293575286865,1053.9293575286865
236,1053.9293575286865,1053.9293575286865
237,1053.9293575286865,1053.9293575286865
238,1053.9293575286865,1053.9293575286865
239,1053.9293575286865,1053.9293575286865
240,1053.9293575286865,1053.9293575286865
241,1053.9293575286865,1053.9293575286865
242,1053.9293575286865,1053.9293575286865
243,1053.9293575286865,1053.9293575286865
244,1053.9293575286865,1053.9293575286865
245,1053.9293575286865,1053.9293575286865
246,1053.9293575286865,1053.9293575286865
247,1053.9293575286865,1053.9293575286865
248,1053.9293575286865,1053.9293575286865
249,1053.9293575286865,1053.9293575286865
250,1053.9293575286865,1053.9293575286865
251,1053.9293575286865,1053.9293575286865
252,1053.9293575286865,1053.9293575286865
253,1053.9293575286865,1053.9293575286865
254,1053.9293575286865,1053.9293575286865
255,1053.9293575286865,1053.9293575286865
256,1053.9293575286865,1053.9293575286865
257,1053.9293575286865,1053.9293575286865
258,1053.9293575286865,1053.9293575286865
259,1053.9293575286865,1053.9293575286865
260,1053.9293575286865,1053.9293575286865
261,1053.9293575286865,1053.9293575286865
262,1053.9293575286865,1053.9293575286865
263,1053.9293575286865,1053.9293575286865
264,1053.9293575286865,1053.9293575286865
265,1053.9293575286865,1053.9293575286865
266,1053.9293575286865,1053.9293575286865
267,1053.9293575286865,1053.9293575286865
268,1053.9293575286865,1053.9293575286865
269,1053.9293575286865,1053.9293575286865
270,1053.9293575286865,1053.9293575286865
271,1053.9293575286865,1053.9293575286865
272,1053.9293575286865,1053.9293575286865
273,1053.9293575286865,1053.9293575286865
274,1053.9293575286865,1053.9293575286865
275,1053.9293575286865,1053.9293575286865
276,1053.9293575286865,1053.9293575286865
277,1053.9293575286865,1053.9293575286865
278,1053.9293575286865,1053.9293575286865
279,1053.9293575286865,1053.9293575286865
280,1053.9293575286865,1053.9293575286865
281,1053.9293575286865,1053.9293575286865
282,1053.9293575286865,1053.9293575286865
283,1053.9293575286865,1053.9293575286865
284,1053.9293575286865,1053.9293575286865
285,1053.9293575286865,1053.9293575286865
286,1053.9293575286865,1053.9293575286865
287,1053.9293575286865,1053.9293575286865
288,1053.9293575286865,1053.9293575286865
289,1053.9293575286865,1053.9293575286865
290,1053.9293575286865,1053.9293575286865
291,1053.9293575286865,1053.9293575286865
292,1053.9293575286865,1053.9293575286865
293,1053.9293575286865,1053.9293575286865
294,1053.9293575286865,1053.9293575286865
295,1053.9293575286865,1053.9293575286865
296,1053.9293575286865,1053.9293575286865
297,1053.9293575286865,1053.9293575286865
298,1053.9293575286865,1053.9293575286865
299,1053.9293575286865,1053.9293575286865
300,1053.9293575286865,1053.9293575286865
301,1053.9293575286865,1053.9293575286865
302,1053.9293575286865,1053.9293575286865
303,1053.9293575286865,1053.9293575286865
304,1053.9293575286865,1053.9293575286865
305,1053.9293575286865,1053.9293575286865
306,1053.9293575286865,1053.9293575286865
307,1053.9293575286865,1053.9293575286865
308,1053.9293575286865,1053.9293575286865
309,1053.9293575286865,1053.9293575286865
310,1053.9293575286865,1053.9293575286865
311,1053.9293575286865,1053.9293575286865
312,1053.9293575286865,1053.9293575286865
313,1053.9293575286865,1053.9293575286865
314,1053.9293575286865,1053.9293575286865
315,1053.9293575286865,1053.9293575286865
316,1053.9293575286865,1053.9293575286865
317,1053.9293575286865,1053.9293575286865
318,1053.9293575286865,1053.9293575286865
319,1053.9293575286865,1053.9293575286865
320,1053.9293575286865,1053.9293575286865
321,1053.9293575286865,1053.9293575286865
322,1053.9293575286865,1053.9293575286865
323,1053.9293575286865,1053.9293575286865
324,1053.9293575286865,1053.9293575286865
325,1053.9293575286865,1053.9293575286865
326,1053.9293575286865,1053.9293575286865
327,1053.9293575286865,1053.9293575286865
328,1053.9293575286865,1053.9293575286865
329,1053.9293575286865,1053.9293575286865
330,1053.9293575286865,1053.9293575286865
331,1053.9293575286865,1053.9293575286865
332,1053.9293575286865,1053.9293575286865
333,1053.9293575286865,1053.9293575286865
334,1053.9293575286865,1053.9293575286865
335,1053.9293575286865,1053.9293575286865
336,1053.9293575286865,1053.9293575286865
337,1053.9293575286865,1053.9293575286865
338,1053.9293575286865,1053.9293575286865
339,1053.9293575286865,1053.9293575286865
340,1053.9293575286865,1053.9293575286865
341,1053.9293575286865,1053.9293575286865
342,1053.9293575286865,1053.9293575286865
343,1053.9293575286865,1053.9293575286865
344,1053.9293575286865,1053.9293575286865
345,1053.9293575286865,1053.9293575286865
346,1053.9293575286865,1053.9293575286865
347,1053.9293575286865,1053.9293575286865
348,1053.9293575286865,1053.9293575286865
349,1053.9293575286865,1053.9293575286865
350,1053.9293575286865,1053.9293575286865
351,1053.9293575286865,1053.9293575286865
352,1053.9293575286865,1053.9293575286865
353,1053.9293575286865,1053.9293575286865
354,1053.9293575286865,1053.9293575286865
355,1053.9293575286865,1053.9293575286865
356,1053.9293575286865,1053.9293575286865
357,1053.9293575286865,1053.9293575286865
358,1053.9293575286865,1053.9293575286865
359,1053.9293575286865,1053.9293575286865
360,1053.9293575286865,1053.9293575286865
361,1053.9293575286865,1053.9293575286865
362,1053.9293575286865,1053.9293575286865
363,1053.9293575286865,1053.9293575286865
364,1053.9293575286865,1053.9293575286865
365,1053.9293575286865,1053.9293575286865
366,1053.9293575286865,1053.9293575286865
367,1053.9293575286865,1053.9293575286865
368,1053.9293575286865,1053.9293575286865
369,1053.9293575286865,1053.9293575286865
370,1053.9293575286865,1053.9293575286865
371,1053.9293575286865,1053.9293575286865
372,1053.9293575286865,1053.9293575286865
373,1053.9293575286865,1053.9293575286865
374,1053.9293575286865,1053.9293575286865
375,1053.9293575286865,1053.9293575286865
376,1053.9293575286865,1053.9293575286865
377,1053.9293575286865,1053.9293575286865
378,1053.9293575286865,1053.9293575286865
379,1053.9293575286865,1053.9293575286865
380,1053.9293575286865,1053.9293575286865
381,1053.9293575286865,1053.9293575286865
382,1053.9293575286865,1053.9293575286865
383,1053.9293575286865,1053.9293575286865
384,1053.9293575286865,1053.9293575286865
385,1053.9293575286865,1053.9293575286865
386,1053.9293575286865,1053.9293575286865
387,1053.9293575286865,1053.9293575286865
388,1053.9293575286865,1053.9293575286865
389,1053.9293575286865,1053.9293575286865
390,1053.9293575286865,1053.9293575286865
391,1053.9293575286865,1053.9293575286865
392,1053.9293575286865,1053.9293575286865
393,1053.9293575286865,1053.9293575286865
394,1053.9293575286865,1053.9293575286865
395,1053.9293575286865,1053.9293575286865
396,1053.9293575286865,1053.9293575286865
397,1053.9293575286865,1053.9293575286865
398,1053.9293575286865,1053.9293575286865
399,1053.9293575286865,1053.9293575286865
400,1053.9293575286865,1053.9293575286865
401,1053.9293575286865,1053.9293575286865
402,1053.9293575286865,1053.9293575286865
403,1053.9293575286865,1053.9293575286865
404,1053.9293575286865,1053.9293575286865
405,1053.9293575286865,1053.9293575286865
406,1053.9293575286865,1053.9293575286865
407,1053.9293575286865,1053.9293575286865
408,1053.9293575286865,1053.9293575286865
409,1053.9293575286865,1053.9293575286865
410,1053.9293575286865,1053.9293575286865
411,1053.9293575286865,1053.9293575286865
412,1053.9293575286865,1053.9293575286865
413,1053.9293575286865,1053.9293575286865
414,1053.9293575286865,1053.9293575286865
415,1053.9293575286865,1053.9293575286865
416,1053.9293575286865,1053.9293575286865
417,1053.9293575286865,1053.9293575286865
418,1053.9293575286865,1053.9293575286865
419,1053.9293575286865,1053.9293575286865
420,1053.9293575286865,1053.9293575286865
421,1053.9293575286865,1053.9293575286865
422,1053.9293575286865,1053.9293575286865
423,1053.9293575286865,1053.9293575286865
424,1053.9293575286865,1053.9293575286865
425,1053.9293575286865,1053.9293575286865
426,1053.9293575286865,1053.9293575286865
427,1053.9293575286865,1053.9293575286865
428,1053.9293575286865,1053.9293575286865
429,1053.9293575286865,1053.9293575286865
430,1053.9293575286865,1053.9293575286865
431,1053.9293575286865,1053.9293575286865
432,1053.9293575286865,1053.9293575286865
433,1053.9293575286865,1053.9293575286865
434,1053.9293575286865,1053.9293575286865
435,1053.9293575286865,1053.9293575286865
436,1053.9293575286865,1053.9293575286865
437,1053.9293575286865,1053.9293575286865
438,1053.9293575286865,1053.9293575286865
439,1053.9293575286865,1053.9293575286865
440,1053.9293575286865,1053.9293575286865
441,1053.9293575286865,1053.9293575286865
442,1053.9293575286865,1053.9293575286865
443,1053.9293575286865,1053.9293575286865
444,1053.9293575286865,1053.9293575286865
445,1053.9293575286865,1053.9293575286865
446,1053.9293575286865,1053.9293575286865
447,1053.9293575286865,1053.9293575286865
448,1053.9293575286865,1053.9293575286865
449,1053.9293575286865,1053.9293575286865
450,1053.9293575286865,1053.9293575286865
451,1053.9293575286865,1053.9293575286865
452,1053.9293575286865,1053.9293575286865
453,1053.9293575286865,1053.9293575286865
454,1053.9293575286865,1053.9293575286865
455,1053.9293575286865,1053.9293575286865
456,1053.9293575286865,1053.9293575286865
457,1053.9293575286865,1053.9293575286865
458,1053.9293575286865,1053.9293575286865
459,1053.9293575286865,1053.9293575286865
460,1053.9293575286865,1053.9293575286865
461,1053.9293575286865,1053.9293575286865
462,1053.9293575286865,1053.9293575286865
463,1053.9293575286865,1053.9293575286865
464,1053.9293575286865,1053.9293575286865
465,1053.9293575286865,1053.9293575286865
466,1053.9293575286865,1053.9293575286865
467,1053.9293575286865,1053.9293575286865
468,1053.9293575286865,1053.9293575286865
469,1053.9293575286865,1053.9293575286865
470,1053.9293575286865,1053.9293575286865
471,1053.9293575286865,1053.9293575286865
472,1053.9293575286865,1053.9293575286865
473,1053.9293575286865,1053.9293575286865
474,1053.9293575286865,1053.9293575286865
475,1053.9293575286865,1053.9293575286865
476,1053.9293575286865,1053.9293575286865
477,1053.9293575286865,1053.9293575286865
478,1053.9293575286865,1053.9293575286865
479,1053.9293575286865,1053.9293575286865
480,1053.9293575286865,1053.9293575286865
481,1053.9293575286865,1053.9293575286865
482,1053.9293575286865,1053.9293575286865
483,1053.9293575286865,1053.9293575286865
484,1053.9293575286865,1053.9293575286865
485,1053.9293575286865,1053.9293575286865
486,1053.9293575286865,1053.9293575286865
487,1053.9293575286865,1053.9293575286865
488,1053.9293575286865,1053.9293575286865
489,1053.9293575286865,1053.9293575286865
490,1053.9293575286865,1053.9293575286865
491,1053.9293575286865,1053.9293575286865
492,1053.9293575286865,1053.9293575286865
493,1053.9293575286865,1053.9293575286865
494,1053.9293575286865,1053.9293575286865
495,1053.9293575286865,1053.9293575286865
496,1053.9293575286865,1053.9293575286865
497,1053.9293575286865,1053.9293575286865
498,1053.9293575286865,1053.9293575286865
499,1053.9293575286865,1053.9293575286865
500,1053.9293575286865,1053.9293575286865
501,1053.9293575286865,1053.9293575286865
502,1053.9293575286865,1053.9293575286865
503,1053.9293575286865,1053.9293575286865
504,1053.9293575286865,1053.9293575286865
505,1053.9293575286865,1053.9293575286865
506,1053.9293575286865,1053.9293575286865
507,1053.9293575286865,1053.9293575286865
508,1053.9293575286865,1053.9293575286865
509,1053.9293575286865,1053.9293575286865
510,1053.9293575286865,1053.9293575286865
511,1053.9293575286865,1053.9293575286865
512,1053.9293575286865,1053.9293575286865
513,1053.9293575286865,1053.9293575286865
514,1053.9293575286865,1053.9293575286865
515,1053.9293575286865,1053.9293575286865
516,1053.9293575286865,1053.9293575286865
517,1053.9293575286865,1053.9293575286865
518,1053.9293575286865,1053.9293575286865
519,1053.9293575286865,1053.9293575286865
520,1053.9293575286865,1053.9293575286865
521,1053.9293575286865,1053.9293575286865
522,1053.9293575286865,1053.9293575286865
523,1053.9293575286865,1053.9293575286865
524,1053.9293575286865,1053.9293575286865
525,1053.9293575286865,1053.9293575286865
526,1053.9293575286865,1053.9293575286865
527,1053.9293575286865,1053.9293575286865
528,1053.9293575286865,1053.9293575286865
529,1053.9293575286865,1053.9293575286865
530,1053.9293575286865,1053.9293575286865
531,1053.9293575286865,1053.9293575286865
532,1053.9293575286865,1053.9293575286865
533,1053.9293575286865,1053.9293575286865
534,1053.9293575286865,1053.9293575286865
535,1053.9293575286865,1053.9293575286865
536,1053.9293575286865,1053.9293575286865
537,1053.9293575286865,1053.9293575286865
538,1053.9293575286865,1053.9293575286865
539,1053.9293575286865,1053.9293575286865
540,1053.9293575286865,1053.9293575286865
541,1053.9293575286865,1053.9293575286865
542,1053.9293575286865,1053.9293575286865
543,1053.9293575286865,1053.9293575286865
544,1053.9293575286865,1053.9293575286865
545,1053.9293575286865,1053.9293575286865
546,1053.9293575286865,1053.9293575286865
547,1053.9293575286865,1053.9293575286865
548,1053.9293575286865,1053.9293575286865
549,1053.9293575286865,1053.9293575286865
550,1053.9293575286865,1053.9293575286865
551,1053.9293575286865,1053.9293575286865
552,1053.9293575286865,1053.9293575286865
553,1053.9293575286865,1053.9293575286865
554,1053.9293575286865,1053.9293575286865
555,1053.9293575286865,1053.9293575286865
556,1053.9293575286865,1053.9293575286865
557,1053.9293575286865,1053.9293575286865
558,1053.9293575286865,1053.9293575286865
559,1053.9293575286865,1053.9293575286865
560,1053.9293575286865,1053.9293575286865
561,1053.9293575286865,1053.9293575286865
562,1053.9293575286865,1053.9293575286865
563,1053.9293575286865,1053.9293575286865
564,1053.9293575286865,1053.9293575286865
565,1053.9293575286865,1053.9293575286865
566,1053.9293575286865,1053.9293575286865
567,1053.9293575286865,1053.9293575286865
568,1053.9293575286865,1053.9293575286865
569,1053.9293575286865,1053.9293575286865
570,1053.9293575286865,1053.9293575286865
571,1053.9293575286865,1053.9293575286865
572,1053.9293575286865,1053.9293575286865
573,1053.9293575286865,1053.9293575286865
574,1053.9293575286865,1053.9293575286865
575,1053.9293575286865,1053.9293575286865
576,1053.9293575286865,1053.9293575286865
577,1053.9293575286865,1053.9293575286865
578,1053.9293575286865,1053.9293575286865
579,1053.9293575286865,1053.9293575286865
580,1053.9293575286865,1053.9293575286865
581,1053.9293575286865,1053.9293575286865
582,1053.9293575286865,1053.9293575286865
583,1053.9293575286865,1053.9293575286865
584,1053.9293575286865,1053.9293575286865
585,1053.9293575286865,1053.9293575286865
586,1053.9293575286865,1053.9293575286865
587,1053.9293575286865,1053.9293575286865
588,1053.9293575286865,1053.9293575286865
589,1053.9293575286865,1053.9293575286865
590,1053.9293575286865,1053.9293575286865
591,1053.9293575286865,1053.9293575286865
592,1053.9293575286865,1053.9293575286865
593,1053.9293575286865,1053.9293575286865
594,1053.9293575286865,1053.9293575286865
595,1053.9293575286865,1053.9293575286865
596,1053.9293575286865,1053.9293575286865
597,1053.9293575286865,1053.9293575286865
598,1053.9293575286865,1053.9293575286865
599,1053.9293575286865,1053.9293575286865
600,1053.9293575286865,1053.9293575286865
601,1053.9293575286865,1053.9293575286865
602,1053.9293575286865,1053.9293575286865
603,1053.9293575286865,1053.9293575286865
604,1053.9293575286865,1053.9293575286865
605,1053.9293575286865,1053.9293575286865
606,1053.9293575286865,1053.9293575286865
607,1053.9293575286865,1053.9293575286865
608,1053.9293575286865,1053.9293575286865
609,1053.9293575286865,1053.9293575286865
610,1053.9293575286865,1053.9293575286865
611,1053.9293575286865,1053.9293575286865
612,1053.9293575286865,1053.9293575286865
613,1053.9293575286865,1053.9293575286865
614,1053.9293575286865,1053.9293575286865
615,1053.9293575286865,1053.9293575286865
616,1053.9293575286865,1053.9293575286865
617,1053.9293575286865,1053.9293575286865
618,1053.9293575286865,1053.9293575286865
619,1053.9293575286865,1053.9293575286865
620,1053.9293575286865,1053.9293575286865
621,1053.9293575286865,1053.9293575286865
622,1053.9293575286865,1053.9293575286865
623,1053.9293575286865,1053.9293575286865
624,1053.9293575286865,1053.9293575286865
625,1053.9293575286865,1053.9293575286865
626,1053.9293575286865,1053.9293575286865
627,1053.9293575286865,1053.9293575286865
628,1053.9293575286865,1053.9293575286865
629,1053.9293575286865,1053.9293575286865
630,1053.9293575286865,1053.9293575286865
631,1053.9293575286865,1053.9293575286865
632,1053.9293575286865,1053.9293575286865
633,1053.9293575286865,1053.9293575286865
634,1053.9293575286865,1053.9293575286865
635,1053.9293575286865,1053.9293575286865
636,1053.9293575286865,1053.9293575286865
637,1053.9293575286865,1053.9293575286865
638,1053.9293575286865,1053.9293575286865
639,1053.9293575286865,1053.9293575286865
640,1053.9293575286865,1053.9293575286865
641,1053.9293575286865,1053.9293575286865
642,1053.9293575286865,1053.9293575286865
643,1053.9293575286865,1053.9293575286865
644,1053.9293575286865,1053.9293575286865
645,1053.9293575286865,1053.9293575286865
646,1053.9293575286865,1053.9293575286865
647,1053.9293575286865,1053.9293575286865
648,1053.9293575286865,1053.9293575286865
649,1053.9293575286865,1053.9293575286865
650,1053.9293575286865,1053.9293575286865
651,1053.9293575286865,1053.9293575286865
652,1053.9293575286865,1053.9293575286865
653,1053.9293575286865,1053.9293575286865
654,1053.9293575286865,1053.9293575286865
655,1053.9293575286865,1053.9293575286865
656,1053.9293575286865,1053.9293575286865
657,1053.9293575286865,1053.9293575286865
658,1053.9293575286865,1053.9293575286865
659,1053.9293575286865,1053.9293575286865
660,1053.9293575286865,1053.9293575286865
661,1053.9293575286865,1053.9293575286865
662,1053.9293575286865,1053.9293575286865
663,1053.9293575286865,1053.9293575286865
664,1053.9293575286865,1053.9293575286865
665,1053.9293575286865,1053.9293575286865
666,1053.9293575286865,1053.9293575286865
667,1053.9293575286865,1053.9293575286865
668,1053.9293575286865,1053.9293575286865
669,1053.9293575286865,1053.9293575286865
670,1053.9293575286865,1053.9293575286865
671,1053.9293575286865,1053.9293575286865
672,1053.9293575286865,1053.9293575286865
673,1053.9293575286865,1053.9293575286865
674,1053.9293575286865,1053.9293575286865
675,1053.9293575286865,1053.9293575286865
676,1053.9293575286865,1053.9293575286865
677,1053.9293575286865,1053.9293575286865
678,1053.9293575286865,1053.9293575286865
679,1053.9293575286865,1053.9293575286865
680,1053.9293575286865,1053.9293575286865
681,1053.9293575286865,1053.9293575286865
682,1053.9293575286865,1053.9293575286865
683,1053.9293575286865,1053.9293575286865
684,1053.9293575286865,1053.9293575286865
685,1053.9293575286865,1053.9293575286865
686,1053.9293575286865,1053.9293575286865
687,1053.9293575286865,1053.9293575286865
688,1053.9293575286865,1053.9293575286865
689,1053.9293575286865,1053.9293575286865
690,1053.9293575286865,1053.9293575286865
691,1053.9293575286865,1053.9293575286865
692,1053.9293575286865,1053.9293575286865
693,1053.9293575286865,1053.9293575286865
694,1053.9293575286865,1053.9293575286865
695,1053.9293575286865,1053.9293575286865
696,1053.9293575286865,1053.9293575286865
697,1053.9293575286865,1053.9293575286865
698,1053.9293575286865,1053.9293575286865
699,1053.9293575286865,1053.9293575286865
700,1053.9293575286865,1053.9293575286865
701,1053.9293575286865,1053.9293575286865
702,1053.9293575286865,1053.9293575286865
703,1053.9293575286865,1053.9293575286865
704,1053.9293575286865,1053.9293575286865
705,1053.9293575286865,1053.9293575286865
706,1053.9293575286865,1053.9293575286865
707,1053.9293575286865,1053.9293575286865
708,1053.9293575286865,1053.9293575286865
709,1053.9293575286865,1053.9293575286865
710,1053.9293575286865,1053.9293575286865
711,1053.9293575286865,1053.9293575286865
712,1053.9293575286865,1053.9293575286865
713,1053.9293575286865,1053.9293575286865
714,1053.9293575286865,1053.9293575286865
715,1053.9293575286865,1053.9293575286865
716,1053.9293575286865,1053.9293575286865
717,1053.9293575286865,1053.9293575286865
718,1053.9293575286865,1053.9293575286865
719,1053.9293575286865,1053.9293575286865
720,1053.9293575286865,1053.9293575286865
721,1053.9293575286865,1053.9293575286865
722,1053.9293575286865,1053.9293575286865
723,1053.9293575286865,1053.9293575286865
724,1053.9293575286865,1053.9293575286865
725,1053.9293575286865,1053.9293575286865
726,1053.9293575286865,1053.9293575286865
727,1053.9293575286865,1053.9293575286865
728,1053.9293575286865,1053.9293575286865
729,1053.9293575286865,1053.9293575286865
730,1053.9293575286865,1053.9293575286865
731,1053.9293575286865,1053.9293575286865
732,1053.9293575286865,1053.9293575286865
733,1053.9293575286865,1053.9293575286865
734,1053.9293575286865,1053.9293575286865
735,1053.9293575286865,1053.9293575286865
736,1053.9293575286865,1053.9293575286865
737,1053.9293575286865,1053.9293575286865
738,1053.9293575286865,1053.9293575286865
739,1053.9293575286865,1053.9293575286865
740,1053.9293575286865,1053.9293575286865
741,1053.9293575286865,1053.9293575286865
742,1053.9293575286865,1053.9293575286865
743,1053.9293575286865,1053.9293575286865
744,1053.9293575286865,1053.9293575286865
745,1053.9293575286865,1053.9293575286865
746,1053.9293575286865,1053.9293575286865
747,1053.9293575286865,1053.9293575286865
748,1053.9293575286865,1053.9293575286865
749,1053.9293575286865,1053.9293575286865
750,1053.9293575286865,1053.9293575286865
751,1053.9293575286865,1053.9293575286865
752,1053.9293575286865,1053.9293575286865
753,1053.9293575286865,1053.9293575286865
754,1053.9293575286865,1053.9293575286865
755,1053.9293575286865,1053.9293575286865
756,1053.9293575286865,1053.9293575286865
757,1053.9293575286865,1053.9293575286865
758,1053.9293575286865,1053.9293575286865
759,1053.9293575286865,1053.9293575286865
760,1053.9293575286865,1053.9293575286865
761,1053.9293575286865,1053.9293575286865
762,1053.9293575286865,1053.9293575286865
763,1053.9293575286865,1053.9293575286865
764,1053.9293575286865,1053.9293575286865
765,1053.9293575286865,1053.9293575286865
766,1053.9293575286865,1053.9293575286865
767,1053.9293575286865,1053.9293575286865
768,1053.9293575286865,1053.9293575286865
769,1053.9293575286865,1053.9293575286865
770,1053.9293575286865,1053.9293575286865
771,1053.9293575286865,1053.9293575286865
772,1053.9293575286865,1053.9293575286865
773,1053.9293575286865,1053.9293575286865
774,1053.9293575286865,1053.9293575286865
775,1053.9293575286865,1053.9293575286865
776,1053.9293575286865,1053.9293575286865
777,1053.9293575286865,1053.9293575286865
778,1053.9293575286865,1053.9293575286865
779,1053.9293575286865,1053.9293575286865
780,1053.9293575286865,1053.9293575286865
781,1053.9293575286865,1053.9293575286865
782,1053.9293575286865,1053.9293575286865
783,1053.9293575286865,1053.9293575286865
784,1053.9293575286865,1053.9293575286865
785,1053.9293575286865,1053.9293575286865
786,1053.9293575286865,1053.9293575286865
787,1053.9293575286865,1053.9293575286865
788,1053.9293575286865,1053.9293575286865
789,1053.9293575286865,1053.9293575286865
790,1053.9293575286865,1053.9293575286865
791,1053.9293575286865,1053.9293575286865
792,1053.9293575286865,1053.9293575286865
793,1053.9293575286865,1053.9293575286865
794,1053.9293575286865,1053.9293575286865
795,1053.9293575286865,1053.9293575286865
796,1053.9293575286865,1053.9293575286865
797,1053.9293575286865,1053.9293575286865
798,1053.9293575286865,1053.9293575286865
799,1053.9293575286865,1053.9293575286865
800,1053.9293575286865,1053.9293575286865
801,1053.9293575286865,1053.9293575286865
802,1053.9293575286865,1053.9293575286865
803,1053.9293575286865,1053.9293575286865
804,1053.9293575286865,1053.9293575286865
805,1053.9293575286865,1053.9293575286865
806,1053.9293575286865,1053.9293575286865
807,1053.9293575286865,1053.9293575286865
808,1053.9293575286865,1053.9293575286865
809,1053.9293575286865,1053.9293575286865
810,1053.9293575286865,1053.9293575286865
811,1053.9293575286865,1053.9293575286865
812,1053.9293575286865,1053.9293575286865
813,1053.9293575286865,1053.9293575286865
814,1053.9293575286865,1053.9293575286865
815,1053.9293575286865,1053.9293575286865
816,1053.9293575286865,1053.9293575286865
817,1053.9293575286865,1053.9293575286865
818,1053.9293575286865,1053.9293575286865
819,1053.9293575286865,1053.9293575286865
820,1053.9293575286865,1053.9293575286865
821,1053.9293575286865,1053.9293575286865
822,1053.9293575286865,1053.9293575286865
823,1053.9293575286865,1053.9293575286865
824,1053.9293575286865,1053.9293575286865
825,1053.9293575286865,1053.9293575286865
826,1053.9293575286865,1053.9293575286865
827,1053.9293575286865,1053.9293575286865
828,1053.9293575286865,1053.9293575286865
829,1053.9293575286865,1053.9293575286865
830,1053.9293575286865,1053.9293575286865
831,1053.9293575286865,1053.9293575286865
832,1053.9293575286865,1053.9293575286865
833,1053.9293575286865,1053.9293575286865
834,1053.9293575286865,1053.9293575286865
835,1053.9293575286865,1053.9293575286865
836,1053.9293575286865,1053.9293575286865
837,1053.9293575286865,1053.9293575286865
838,1053.9293575286865,1053.9293575286865
839,1053.9293575286865,1053.9293575286865
840,1053.9293575286865,1053.9293575286865
841,1053.9293575286865,1053.9293575286865
842,1053.9293575286865,1053.9293575286865
843,1053.9293575286865,1053.9293575286865
844,1053.9293575286865,1053.9293575286865
845,1053.9293575286865,1053.9293575286865
846,1053.9293575286865,1053.9293575286865
847,1053.9293575286865,1053.9293575286865
848,1053.9293575286865,1053.9293575286865
849,1053.9293575286865,1053.9293575286865
850,1053.9293575286865,1053.9293575286865
851,1053.9293575286865,1053.9293575286865
852,1053.9293575286865,1053.9293575286865
853,1053.9293575286865,1053.9293575286865
854,1053.9293575286865,1053.9293575286865
855,1053.9293575286865,1053.9293575286865
856,1053.9293575286865,1053.9293575286865
857,1053.9293575286865,1053.9293575286865
858,1053.9293575286865,1053.9293575286865
859,1053.9293575286865,1053.9293575286865
860,1053.9293575286865,1053.9293575286865
861,1053.9293575286865,1053.9293575286865
862,1053.9293575286865,1053.9293575286865
863,1053.9293575286865,1053.9293575286865
864,1053.9293575286865,1053.9293575286865
865,1053.9293575286865,1053.9293575286865
866,1053.9293575286865,1053.9293575286865
867,1053.9293575286865,1053.9293575286865
868,1053.9293575286865,1053.9293575286865
869,1053.9293575286865,1053.9293575286865
870,1053.9293575286865,1053.9293575286865
871,1053.9293575286865,1053.9293575286865
872,1053.9293575286865,1053.9293575286865
873,1053.9293575286865,1053.9293575286865
874,1053.9293575286865,1053.9293575286865
875,1053.9293575286865,1053.9293575286865
876,1053.9293575286865,1053.9293575286865
877,1053.9293575286865,1053.9293575286865
878,1053.9293575286865,1053.9293575286865
879,1053.9293575286865,1053.9293575286865
880,1053.9293575286865,1053.9293575286865
881,1053.9293575286865,1053.9293575286865
882,1053.9293575286865,1053.9293575286865
883,1053.9293575286865,1053.9293575286865
884,1053.9293575286865,1053.9293575286865
885,1053.9293575286865,1053.9293575286865
886,1053.9293575286865,1053.9293575286865
887,1053.9293575286865,1053.9293575286865
888,1053.9293575286865,1053.9293575286865
889,1053.9293575286865,1053.9293575286865
890,1053.9293575286865,1053.9293575286865
891,1053.9293575286865,1053.9293575286865
892,1053.9293575286865,1053.9293575286865
893,1053.9293575286865,1053.9293575286865
894,1053.9293575286865,1053.9293575286865
895,1053.9293575286865,1053.9293575286865
896,1053.9293575286865,1053.9293575286865
897,1053.9293575286865,1053.9293575286865
898,1053.9293575286865,1053.9293575286865
899,1053.9293575286865,1053.9293575286865
900,1053.9293575286865,1053.9293575286865
901,1053.9293575286865,1053.9293575286865
902,1053.9293575286865,1053.9293575286865
903,1053.9293575286865,1053.9293575286865
904,1053.9293575286865,1053.9293575286865
905,1053.9293575286865,1053.9293575286865
906,1053.9293575286865,1053.9293575286865
907,1053.9293575286865,1053.9293575286865
908,1053.9293575286865,1053.9293575286865
909,1053.9293575286865,1053.9293575286865
910,1053.9293575286865,1053.9293575286865
911,1053.9293575286865,1053.9293575286865
912,1053.9293575286865,1053.9293575286865
913,1053.9293575286865,1053.9293575286865
914,1053.9293575286865,1053.9293575286865
915,1053.9293575286865,1053.9293575286865
916,1053.9293575286865,1053.9293575286865
917,1053.9293575286865,1053.9293575286865
918,1053.9293575286865,1053.9293575286865
919,1053.9293575286865,1053.9293575286865
920,1053.9293575286865,1053.9293575286865
921,1053.9293575286865,1053.9293575286865
922,1053.9293575286865,1053.9293575286865
923,1053.9293575286865,1053.9293575286865
924,1053.9293575286865,1053.9293575286865
925,1053.9293575286865,1053.9293575286865
926,1053.9293575286865,1053.9293575286865
927,1053.9293575286865,1053.9293575286865
928,1053.9293575286865,1053.9293575286865
929,1053.9293575286865,1053.9293575286865
930,1053.9293575286865,1053.9293575286865
931,1053.9293575286865,1053.9293575286865
932,1053.9293575286865,1053.9293575286865
933,1053.9293575286865,1053.9293575286865
934,1053.9293575286865,1053.9293575286865
935,1053.9293575286865,1053.9293575286865
936,1053.9293575286865,1053.9293575286865
937,1053.9293575286865,1053.9293575286865
938,1053.9293575286865,1053.9293575286865
939,1053.9293575286865,1053.9293575286865
940,1053.9293575286865,1053.9293575286865
941,1053.9293575286865,1053.9293575286865
942,1053.9293575286865,1053.9293575286865
943,1053.9293575286865,1053.9293575286865
944,1053.9293575286865,1053.9293575286865
945,1053.9293575286865,1053.9293575286865
946,1053.9293575286865,1053.9293575286865
947,1053.9293575286865,1053.9293575286865
948,1053.9293575286865,1053.9293575286865
949,1053.9293575286865,1053.9293575286865
950,1053.9293575286865,1053.9293575286865
951,1053.9293575286865,1053.9293575286865
952,1053.9293575286865,1053.9293575286865
953,1053.9293575286865,1053.9293575286865
954,1053.9293575286865,1053.9293575286865
955,1053.9293575286865,1053.9293575286865
956,1053.9293575286865,1053.9293575286865
957,1053.9293575286865,1053.9293575286865
958,1053.9293575286865,1053.9293575286865
959,1053.9293575286865,1053.9293575286865
960,1053.9293575286865,1053.9293575286865
961,1053.9293575286865,1053.9293575286865
962,1053.9293575286865,1053.9293575286865
963,1053.9293575286865,1053.9293575286865
964,1053.9293575286865,1053.9293575286865
965,1053.9293575286865,1053.9293575286865
966,1053.9293575286865,1053.9293575286865
967,1053.9293575286865,1053.9293575286865
968,1053.9293575286865,1053.9293575286865
969,1053.9293575286865,1053.9293575286865
970,1053.9293575286865,1053.9293575286865
971,1053.9293575286865,1053.9293575286865
972,1053.9293575286865,1053.9293575286865
973,1053.9293575286865,1053.9293575286865
974,1053.9293575286865,1053.9293575286865
975,1053.9293575286865,1053.9293575286865
976,1053.9293575286865,1053.9293575286865
977,1053.9293575286865,1053.9293575286865
978,1053.9293575286865,1053.9293575286865
979,1053.9293575286865,1053.9293575286865
980,1053.9293575286865,1053.9293575286865
981,1053.9293575286865,1053.9293575286865
982,1053.9293575286865,1053.9293575286865
983,1053.9293575286865,1053.9293575286865
984,1053.9293575286865,1053.9293575286865
985,1053.9293575286865,1053.9293575286865
986,1053.9293575286865,1053.9293575286865
987,1053.9293575286865,1053.9293575286865
988,1053.9293575286865,1053.9293575286865
989,1053.9293575286865,1053.9293575286865
990,1053.9293575286865,1053.9293575286865
991,1053.9293575286865,1053.9293575286865
992,1053.9293575286865,1053.9293575286865
993,1053.9293575286865,1053.9293575286865
994,1053.9293575286865,1053.9293575286865
995,1053.9293575286865,1053.9293575286865
996,1053.9293575286865,1053.9293575286865
997,1053.9293575286865,1053.9293575286865
998,1053.9293575286865,1053.9293575286865
999,1053.9293575286865,1053.9293575286865
1000,1053.9293575286865,1053.9293575286865
1001,1053.9293575286865,1053.9293575286865
1002,1053.9293575286865,1053.9293575286865
1003,1053.9293575286865,1053.9293575286865
1004,1053.9293575286865,1053.9293575286865
1005,1053.9293575286865,1053.9293575286865
1006,1053.9293575286865,1053.9293575286865
1007,1053.9293575286865,1053.9293575286865
1008,1053.9293575286865,1053.9293575286865
1009,1053.9293575286865,1053.9293575286865
1010,1053.9293575286865,1053.9293575286865
1011,1053.9293575286865,1053.9293575286865
1012,1053.9293575286865,1053.9293575286865
1013,1053.9293575286865,1053.9293575286865
1014,1053.9293575286865,1053.9293575286865
1015,1053.9293575286865,1053.9293575286865
1016,1053.9293575286865,1053.9293575286865
1017,1053.9293575286865,1053.9293575286865
1018,1053.9293575286865,1053.9293575286865
1019,1053.9293575286865,1053.9293575286865
1020,1053.9293575286865,1053.9293575286865
1021,1053.9293575286865,1053.9293575286865
1022,1053.9293575286865,1053.9293575286865
1023,1053.9293575286865,1053.9293575286865
1024,1053.9293575286865,1053.9293575286865
1025,1053.9293575286865,1053.9293575286865
1026,1053.9293575286865,1053.9293575286865
1027,1053.9293575286865,1053.9293575286865
1028,1053.9293575286865,1053.9293575286865
1029,1053.9293575286865,1053.9293575286865
1030,1053.9293575286865,1053.9293575286865
1031,1053.9293575286865,1053.9293575286865
1032,1053.9293575286865,1053.9293575286865
1033,1053.9293575286865,1053.9293575286865
1034,1053.9293575286865,1053.9293575286865
1035,1053.9293575286865,1053.9293575286865
1036,1053.9293575286865,1053.9293575286865
1037,1053.9293575286865,1053.9293575286865
1038,1053.9293575286865,1053.9293575286865
1039,1053.9293575286865,1053.9293575286865
1040,1053.9293575286865,1053.9293575286865
1041,1053.9293575286865,1053.9293575286865
1042,1053.9293575286865,1053.9293575286865
1043,1053.9293575286865,1053.9293575286865
1044,1053.9293575286865,1053.9293575286865
1045,1053.9293575286865,1053.9293575286865
1046,1053.9293575286865,1053.9293575286865
1047,1053.9293575286865,1053.9293575286865
1048,1053.9293575286865,1053.9293575286865
1049,1053.9293575286865,1053.9293575286865
1050,1053.9293575286865,1053.9293575286865
1051,1053.9293575286865,1053.9293575286865
1052,1053.9293575286865,1053.9293575286865
1053,1053.9293575286865,1053.9293575286865
1054,1053.9293575286865,1053.9293575286865
1055,1053.9293575286865,1053.9293575286865
1056,1053.9293575286865,1053.9293575286865
1057,1053.9293575286865,1053.9293575286865
1058,1053.9293575286865,1053.9293575286865
1059,1053.9293575286865,1053.9293575286865
1060,1053.9293575286865,1053.9293575286865
1061,1053.9293575286865,1053.9293575286865
1062,1053.9293575286865,1053.9293575286865
1063,1053.9293575286865,1053.9293575286865
1064,1053.9293575286865,1053.9293575286865
1065,1053.9293575286865,1053.9293575286865
1066,1053.9293575286865,1053.9293575286865
1067,1053.9293575286865,1053.9293575286865
1068,1053.9293575286865,1053.9293575286865
1069,1053.9293575286865,1053.9293575286865
1070,1053.9293575286865,1053.9293575286865
1071,1053.9293575286865,1053.9293575286865
1072,1053.9293575286865,1053.9293575286865
1073,1053.9293575286865,1053.9293575286865
1074,1053.9293575286865,1053.9293575286865
1075,1053.9293575286865,1053.9293575286865
1076,1053.9293575286865,1053.9293575286865
1077,1053.9293575286865,1053.9293575286865
1078,1053.9293575286865,1053.9293575286865
1079,1053.9293575286865,1053.9293575286865
1080,1053.9293575286865,1053.9293575286865
1081,1053.9293575286865,1053.9293575286865
1082,1053.9293575286865,1053.9293575286865
1083,1053.9293575286865,1053.9293575286865
1084,1053.9293575286865,1053.9293575286865
1085,1053.9293575286865,1053.9293575286865
1086,1053.9293575286865,1053.9293575286865
1087,1053.9293575286865,1053.9293575286865
1088,1053.9293575286865,1053.9293575286865
1089,1053.9293575286865,1053.9293575286865
1090,1053.9293575286865,1053.9293575286865
1091,1053.9293575286865,1053.9293575286865
1092,1053.9293575286865,1053.9293575286865
1093,1053.9293575286865,1053.9293575286865
1094,1053.9293575286865,1053.9293575286865
1095,1053.9293575286865,1053.9293575286865
1096,1053.9293575286865,1053.9293575286865
1097,1053.9293575286865,1053.9293575286865
1098,1053.9293575286865,1053.9293575286865
1099,1053.9293575286865,1053.9293575286865
1100,1053.9293575286865,1053.9293575286865
1101,1053.9293575286865,1053.9293575286865
1102,1053.9293575286865,1053.9293575286865
1103,1053.9293575286865,1053.9293575286865
1104,1053.9293575286865,1053.9293575286865
1105,1053.9293575286865,1053.9293575286865
1106,1053.9293575286865,1053.9293575286865
1107,1053.9293575286865,1053.9293575286865
1108,1053.9293575286865,1053.9293575286865
1109,1053.9293575286865,1053.9293575286865
1110,1053.9293575286865,1053.9293575286865
1111,1053.9293575286865,1053.9293575286865
1112,1053.9293575286865,1053.9293575286865
1113,1053.9293575286865,1053.9293575286865
1114,1053.9293575286865,1053.9293575286865
1115,1053.9293575286865,1053.9293575286865
1116,1053.9293575286865,1053.9293575286865
1117,1053.9293575286865,1053.9293575286865
1118,1053.9293575286865,1053.9293575286865
1119,1053.9293575286865,1053.9293575286865
1120,1053.9293575286865,1053.9293575286865
1121,1053.9293575286865,1053.9293575286865
1122,1053.9293575286865,1053.9293575286865
1123,1053.9293575286865,1053.9293575286865
1124,1053.9293575286865,1053.9293575286865
1125,1053.9293575286865,1053.9293575286865
1126,1053.9293575286865,1053.9293575286865
1127,1053.9293575286865,1053.9293575286865
1128,1053.9293575286865,1053.9293575286865
1129,1053.9293575286865,1053.9293575286865
1130,1053.9293575286865,1053.9293575286865
1131,1053.9293575286865,1053.9293575286865
1132,1053.9293575286865,1053.9293575286865
1133,1053.9293575286865,1053.9293575286865
1134,1053.9293575286865,1053.9293575286865
1135,1053.9293575286865,1053.9293575286865
1136,1053.9293575286865,1053.9293575286865
1137,1053.9293575286865,1053.9293575286865
1138,1053.9293575286865,1053.9293575286865
1139,1053.9293575286865,1053.9293575286865
1140,1053.9293575286865,1053.9293575286865
1141,1053.9293575286865,1053.9293575286865
1142,1053.9293575286865,1053.9293575286865
1143,1053.9293575286865,1053.9293575286865
1144,1053.9293575286865,1053.9293575286865
1145,1053.9293575286865,1053.9293575286865
1146,1053.9293575286865,1053.9293575286865
1147,1053.9293575286865,1053.9293575286865
1148,1053.9293575286865,1053.9293575286865
1149,1053.9293575286865,1053.9293575286865
1150,1053.9293575286865,1053.9293575286865
1151,1053.9293575286865,1053.9293575286865
1152,1053.9293575286865,1053.9293575286865
1153,1053.9293575286865,1053.9293575286865
1154,1053.9293575286865,1053.9293575286865
1155,1053.9293575286865,1053.9293575286865
1156,1053.9293575286865,1053.9293575286865
1157,1053.9293575286865,1053.9293575286865
1158,1053.9293575286865,1053.9293575286865
1159,1053.9293575286865,1053.9293575286865
1160,1053.9293575286865,1053.9293575286865
1161,1053.9293575286865,1053.9293575286865
1162,1053.9293575286865,1053.9293575286865
1163,1053.9293575286865,1053.9293575286865
1164,1053.9293575286865,1053.9293575286865
1165,1053.9293575286865,1053.9293575286865
1166,1053.9293575286865,1053.9293575286865
1167,1053.9293575286865,1053.9293575286865
1168,1053.9293575286865,1053.9293575286865
1169,1053.9293575286865,1053.9293575286865
1170,1053.9293575286865,1053.9293575286865
1171,1053.9293575286865,1053.9293575286865
1172,1053.9293575286865,1053.9293575286865
1173,1053.9293575286865,1053.9293575286865
1174,1053.9293575286865,1053.9293575286865
1175,1053.9293575286865,1053.9293575286865
1176,1053.9293575286865,1053.9293575286865
1177,1053.9293575286865,1053.9293575286865
1178,1053.9293575286865,1053.9293575286865
1179,1053.9293575286865,1053.9293575286865
1180,1053.9293575286865,1053.9293575286865
1181,1053.9293575286865,1053.9293575286865
1182,1053.9293575286865,1053.9293575286865
1183,1053.9293575286865,1053.9293575286865
1184,1053.9293575286865,1053.9293575286865
1185,1053.9293575286865,1053.9293575286865
1186,1053.9293575286865,1053.9293575286865
1187,1053.9293575286865,1053.9293575286865
1188,1053.9293575286865,1053.9293575286865
1189,1053.9293575286865,1053.9293575286865
1190,1053.9293575286865,1053.9293575286865
1191,1053.9293575286865,1053.9293575286865
1192,1053.9293575286865,1053.9293575286865
1193,1053.9293575286865,1053.9293575286865
1194,1053.9293575286865,1053.9293575286865
1195,1053.9293575286865,1053.9293575286865
1196,1053.9293575286865,1053.9293575286865
1197,1053.9293575286865,1053.9293575286865
1198,1053.9293575286865,1053.9293575286865
1199,1053.9293575286865,1053.9293575286865
1200,1053.9293575286865,1053.9293575286865
1201,1053.9293575286865,1053.9293575286865
1202,1053.9293575286865,1053.9293575286865
1203,1053.9293575286865,1053.9293575286865
1204,1053.9293575286865,1053.9293575286865
1205,1053.9293575286865,1053.9293575286865
1206,1053.9293575286865,1053.9293575286865
1207,1053.9293575286865,1053.9293575286865
1208,1053.9293575286865,1053.9293575286865
1209,1053.9293575286865,1053.9293575286865
1210,1053.9293575286865,1053.9293575286865
1211,1053.9293575286865,1053.9293575286865
1212,1053.9293575286865,1053.9293575286865
1213,1053.9293575286865,1053.9293575286865
1214,1053.9293575286865,1053.9293575286865
1215,1053.9293575286865,1053.9293575286865
1216,1053.9293575286865,1053.9293575286865
1217,1053.9293575286865,1053.9293575286865
1218,1053.9293575286865,1053.9293575286865
1219,1053.9293575286865,1053.9293575286865
1220,1053.9293575286865,1053.9293575286865
1221,1053.9293575286865,1053.9293575286865
1222,1053.9293575286865,1053.9293575286865
1223,1053.9293575286865,1053.9293575286865
1224,1053.9293575286865,1053.9293575286865
1225,1053.9293575286865,1053.9293575286865
1226,1053.9293575286865,1053.9293575286865
1227,1053.9293575286865,1053.9293575286865
1228,1053.9293575286865,1053.9293575286865
1229,1053.9293575286865,1053.9293575286865
1230,1053.9293575286865,1053.9293575286865
1231,1053.9293575286865,1053.9293575286865
1232,1053.9293575286865,1053.9293575286865
1233,1053.9293575286865,1053.9293575286865
1234,1053.9293575286865,1053.9293575286865
1235,1053.9293575286865,1053.9293575286865
1236,1053.9293575286865,1053.9293575286865
1237,1053.9293575286865,1053.9293575286865
1238,1053.9293575286865,1053.9293575286865
1239,1053.9293575286865,1053.9293575286865
1240,1053.9293575286865,1053.9293575286865
1241,1053.9293575286865,1053.9293575286865
1242,1053.9293575286865,1053.9293575286865
1243,1053.9293575286865,1053.9293575286865
1244,1053.9293575286865,1053.9293575286865
1245,1053.9293575286865,1053.9293575286865
1246,1053.9293575286865,1053.9293575286865
1247,1053.9293575286865,1053.9293575286865
1248,1053.9293575286865,1053.9293575286865
1249,1053.9293575286865,1053.9293575286865
1250,1053.9293575286865,1053.9293575286865
1251,1053.9293575286865,1053.9293575286865
1252,1053.9293575286865,1053.9293575286865
1253,1053.9293575286865,1053.9293575286865
1254,1053.9293575286865,1053.9293575286865
1255,1053.9293575286865,1053.9293575286865
1256,1053.9293575286865,1053.9293575286865
1257,1053.9293575286865,1053.9293575286865
1258,1053.9293575286865,1053.9293575286865
1259,1053.9293575286865,1053.9293575286865
1260,1053.9293575286865,1053.9293575286865
1261,1053.9293575286865,1053.9293575286865
1262,1053.9293575286865,1053.9293575286865
1263,1053.9293575286865,1053.9293575286865
1264,1053.9293575286865,1053.9293575286865
1265,1053.9293575286865,1053.9293575286865
1266,1053.9293575286865,1053.9293575286865
1267,1053.9293575286865,1053.9293575286865
1268,1053.9293575286865,1053.9293575286865
1269,1053.9293575286865,1053.9293575286865
1270,1053.9293575286865,1053.9293575286865
1271,1053.9293575286865,1053.9293575286865
1272,1053.9293575286865,1053.9293575286865
1273,1053.9293575286865,1053.9293575286865
1274,1053.9293575286865,1053.9293575286865
1275,1053.9293575286865,1053.9293575286865
1276,1053.9293575286865,1053.9293575286865
1277,1053.9293575286865,1053.9293575286865
1278,1053.9293575286865,1053.9293575286865
1279,1053.9293575286865,1053.9293575286865
1280,1053.9293575286865,1053.9293575286865
1281,1053.9293575286865,1053.9293575286865
1282,1053.9293575286865,1053.9293575286865
1283,1053.9293575286865,1053.9293575286865
1284,1053.9293575286865,1053.9293575286865
1285,1053.9293575286865,1053.9293575286865
1286,1053.9293575286865,1053.9293575286865
1287,1053.9293575286865,1053.9293575286865
1288,1053.9293575286865,1053.9293575286865
1289,1053.9293575286865,1053.9293575286865
1290,1053.9293575286865,1053.9293575286865
1291,1053.9293575286865,1053.9293575286865
1292,1053.9293575286865,1053.9293575286865
1293,1053.9293575286865,1053.9293575286865
1294,1053.9293575286865,1053.9293575286865
1295,1053.9293575286865,1053.9293575286865
1296,1053.9293575286865,1053.9293575286865
1297,1053.9293575286865,1053.9293575286865
1298,1053.9293575286865,1053.9293575286865
1299,1053.9293575286865,1053.9293575286865
1300,1053.9293575286865,1053.9293575286865
1301,1053.9293575286865,1053.9293575286865
1302,1053.9293575286865,1053.9293575286865
1303,1053.9293575286865,1053.9293575286865
1304,1053.9293575286865,1053.9293575286865
1305,1053.9293575286865,1053.9293575286865
1306,1053.9293575286865,1053.9293575286865
1307,1053.9293575286865,1053.9293575286865
1308,1053.9293575286865,1053.9293575286865
1309,1053.9293575286865,1053.9293575286865
1310,1053.9293575286865,1053.9293575286865
1311,1053.9293575286865,1053.9293575286865
1312,1053.9293575286865,1053.9293575286865
1313,1053.9293575286865,1053.9293575286865
1314,1053.9293575286865,1053.9293575286865
1315,1053.9293575286865,1053.9293575286865
1316,1053.9293575286865,1053.9293575286865
1317,1053.9293575286865,1053.9293575286865
1318,1053.9293575286865,1053.9293575286865
1319,1053.9293575286865,1053.9293575286865
1320,1053.9293575286865,1053.9293575286865
1321,1053.9293575286865,1053.9293575286865
1322,1053.9293575286865,1053.9293575286865
1323,1053.9293575286865,1053.9293575286865
1324,1053.9293575286865,1053.9293575286865
1325,1053.9293575286865,1053.9293575286865
1326,1053.9293575286865,1053.9293575286865
1327,1053.9293575286865,1053.9293575286865
1328,1053.9293575286865,1053.9293575286865
1329,1053.9293575286865,1053.9293575286865
1330,1053.9293575286865,1053.9293575286865
1331,1053.9293575286865,1053.9293575286865
1332,1053.9293575286865,1053.9293575286865
1333,1053.9293575286865,1053.9293575286865
1334,1053.9293575286865,1053.9293575286865
1335,1053.9293575286865,1053.9293575286865
1336,1053.9293575286865,1053.9293575286865
1337,1053.9293575286865,1053.9293575286865
1338,1053.9293575286865,1053.9293575286865
1339,1053.9293575286865,1053.9293575286865
1340,1053.9293575286865,1053.9293575286865
1341,1053.9293575286865,1053.9293575286865
1342,1053.9293575286865,1053.9293575286865
1343,1053.9293575286865,1053.9293575286865
1344,1053.9293575286865,1053.9293575286865
1345,1053.9293575286865,1053.9293575286865
1346,1053.9293575286865,1053.9293575286865
1347,1053.9293575286865,1053.9293575286865
1348,1053.9293575286865,1053.9293575286865
1349,1053.9293575286865,1053.9293575286865
1350,1053.9293575286865,1053.9293575286865
1351,1053.9293575286865,1053.9293575286865
1352,1053.9293575286865,1053.9293575286865
1353,1053.9293575286865,1053.9293575286865
1354,1053.9293575286865,1053.9293575286865
1355,1053.9293575286865,1053.9293575286865
1356,1053.9293575286865,1053.9293575286865
1357,1053.9293575286865,1053.9293575286865
1358,1053.9293575286865,1053.9293575286865
1359,1053.9293575286865,1053.9293575286865
1360,1053.9293575286865,1053.9293575286865
1361,1053.9293575286865,1053.9293575286865
1362,1053.9293575286865,1053.9293575286865
1363,1053.9293575286865,1053.9293575286865
1364,1053.9293575286865,1053.9293575286865
1365,1053.9293575286865,1053.9293575286865
1366,1053.9293575286865,1053.9293575286865
1367,1053.9293575286865,1053.9293575286865
1368,1053.9293575286865,1053.9293575286865
1369,1053.9293575286865,1053.9293575286865
1370,1053.9293575286865,1053.9293575286865
1371,1053.9293575286865,1053.9293575286865
1372,1053.9293575286865,1053.9293575286865
1373,1053.9293575286865,1053.9293575286865
1374,1053.9293575286865,1053.9293575286865
1375,1053.9293575286865,1053.9293575286865
1376,1053.9293575286865,1053.9293575286865
1377,1053.9293575286865,1053.9293575286865
1378,1053.9293575286865,1053.9293575286865
1379,1053.9293575286865,1053.9293575286865
1380,1053.9293575286865,1053.9293575286865
1381,1053.9293575286865,1053.9293575286865
1382,1053.9293575286865,1053.9293575286865
1383,1053.9293575286865,1053.9293575286865
1384,1053.9293575286865,1053.9293575286865
1385,1053.9293575286865,1053.9293575286865
1386,1053.9293575286865,1053.9293575286865
1387,1053.9293575286865,1053.9293575286865
1388,1053.9293575286865,1053.9293575286865
1389,1053.9293575286865,1053.9293575286865
1390,1053.9293575286865,1053.9293575286865
1391,1053.9293575286865,1053.9293575286865
1392,1053.9293575286865,1053.9293575286865
1393,1053.9293575286865,1053.9293575286865
1394,1053.9293575286865,1053.9293575286865
1395,1053.9293575286865,1053.9293575286865
1396,1053.9293575286865,1053.9293575286865
1397,1053.9293575286865,1053.9293575286865
1398,1053.9293575286865,1053.9293575286865
1399,1053.9293575286865,1053.9293575286865
1400,1053.9293575286865,1053.9293575286865
1401,1053.9293575286865,1053.9293575286865
1402,1053.9293575286865,1053.9293575286865
1403,1053.9293575286865,1053.9293575286865
1404,1053.9293575286865,1053.9293575286865
1405,1053.9293575286865,1053.9293575286865
1406,1053.9293575286865,1053.9293575286865
1407,1053.9293575286865,1053.9293575286865
1408,1053.9293575286865,1053.9293575286865
1409,1053.9293575286865,1053.9293575286865
1410,1053.9293575286865,1053.9293575286865
1411,1053.9293575286865,1053.9293575286865
1412,1053.9293575286865,1053.9293575286865
1413,1053.9293575286865,1053.9293575286865
1414,1053.9293575286865,1053.9293575286865
1415,1053.9293575286865,1053.9293575286865
1416,1053.9293575286865,1053.9293575286865
1417,1053.9293575286865,1053.9293575286865
1418,1053.9293575286865,1053.9293575286865
1419,1053.9293575286865,1053.9293575286865
1420,1053.9293575286865,1053.9293575286865
1421,1053.9293575286865,1053.9293575286865
1422,1053.9293575286865,1053.9293575286865
1423,1053.9293575286865,1053.9293575286865
1424,1053.9293575286865,1053.9293575286865
1425,1053.9293575286865,1053.9293575286865
1426,1053.9293575286865,1053.9293575286865
1427,1053.9293575286865,1053.9293575286865
1428,1053.9293575286865,1053.9293575286865
1429,1053.9293575286865,1053.9293575286865
1430,1053.9293575286865,1053.9293575286865
1431,1053.9293575286865,1053.9293575286865
1432,1053.9293575286865,1053.9293575286865
1433,1053.9293575286865,1053.9293575286865
1434,1053.9293575286865,1053.9293575286865
1435,1053.9293575286865,1053.9293575286865
1436,1053.9293575286865,1053.9293575286865
1437,1053.9293575286865,1053.9293575286865
1438,1053.9293575286865,1053.9293575286865
1439,1053.9293575286865,1053.9293575286865
1440,1053.9293575286865,1053.9293575286865
1441,1053.9293575286865,1053.9293575286865
1442,1053.9293575286865,1053.9293575286865
1443,1053.9293575286865,1053.9293575286865
1444,1053.9293575286865,1053.9293575286865
1445,1053.9293575286865,1053.9293575286865
1446,1053.9293575286865,1053.9293575286865
1447,1053.9293575286865,1053.9293575286865
1448,1053.9293575286865,1053.9293575286865
1449,1053.9293575286865,1053.9293575286865
1450,1053.9293575286865,1053.9293575286865
1451,1053.9293575286865,1053.9293575286865
1452,1053.9293575286865,1053.9293575286865
1453,1053.9293575286865,1053.9293575286865
1454,1053.9293575286865,1053.9293575286865
1455,1053.9293575286865,1053.9293575286865
1456,1053.9293575286865,1053.9293575286865
